nodeID,nodeLabel,latitude,longitude
1,DEU:Mühldorf a. Inn,48.25735368700006,12.398143557436288
2,"DEU:Freiburg im Breisgau, Stadtkreis",47.98654708700005,7.804515064243791
3,DEU:Saalfeld-Rudolstadt,50.62953254450005,11.287935008718431
4,DEU:Regionalverband Saarbrücken,49.24520152550005,6.970430072773276
5,"DEU:Köln, Kreisfreie Stadt",50.95543557400006,6.955975965615698
6,FRA:Cantal,45.052093672500064,2.6997152785181457
7,FRA:Aveyron,44.31636044800004,2.50630491352627
8,DEU:Mittelsachsen,50.93743835550004,13.041376425821198
9,DEU:Euskirchen,50.555626227500056,6.644651571860468
10,GRC:Achaia,38.06068852250007,21.88089558827768
11,GRC:Evros,41.23624715500006,26.11347378395422
12,POL:Trójmiejski,54.42970636150005,18.522781638119525
13,POL:Leszczyński,52.15151845400007,16.339361619239888
14,"DEU:Frankfurt am Main, Kreisfreie Stadt",50.11968577250005,8.658141827019119
15,DEU:Berlin,52.50609402200004,13.394781054503756
16,DEU:Merzig-Wadern,49.492009406500046,6.630781925622217
17,FRA:Loire,45.75402677450003,4.044472238462292
18,FRA:Aude,43.05453147850005,2.5126474241098364
19,POL:Puławski,51.31994283350005,22.05381654051567
20,POL:Chełmsko-zamojski,50.81186383600004,23.296005592017814
21,DEU:Jerichower Land,52.29138895400007,12.011866064389135
22,DEU:Amberg-Sulzbach,49.48961620000006,11.718421331238424
23,POL:Ostrołęcki,52.97474143950004,21.39635657314395
24,POL:Wrocławski,51.130541911500046,17.356184631623094
25,"DEU:Remscheid, Kreisfreie Stadt",51.18311174350004,7.226932171706994
26,DEU:Neuburg-Schrobenhausen,48.64432753500006,11.234071677113889
27,DEU:Unna,51.56224212750007,7.720539944258298
28,"DEU:Hof, Landkreis",50.26460836700005,11.865428413563478
29,"DEU:Schweinfurt, Landkreis",50.02626243800006,10.104883566014768
30,DEU:Roth,49.19374295000006,11.056716443321733
31,DEU:Vogelsbergkreis,50.61170751200004,9.254100437280902
32,"DEU:Ludwigshafen am Rhein, Kreisfreie Stadt",49.48769106900005,8.387121433355961
33,DEU:Hochsauerlandkreis,51.31871378550005,8.265081430598816
34,DEU:Ilm-Kreis,50.730284515500045,10.92846693578859
35,DEU:Emsland,52.697561270500046,7.36771859306302
36,DEU:Rems-Murr-Kreis,48.90989653750003,9.545843798805784
37,"DEU:Mönchengladbach, Kreisfreie Stadt",51.16585610650006,6.413307834972815
38,"DEU:Hof, Kreisfreie Stadt",50.31245058400006,11.882962519737962
39,DEU:Unstrut-Hainich-Kreis,51.17991528550005,10.569807844065224
40,DEU:Freising,48.441912881000064,11.720883206584542
41,DEU:Ebersberg,48.07564153000004,11.92982521184294
42,"DEU:Oldenburg, Landkreis",52.98412233600004,8.382081268231332
43,"DEU:Landshut, Kreisfreie Stadt",48.55389615850007,12.20463822860356
44,DEU:Aichach-Friedberg,48.40812912000004,11.061175604316308
45,"DEU:Dortmund, Kreisfreie Stadt",51.50703034900005,7.450592126859695
46,DEU:Oberallgäu,47.56653713800006,10.222075646127106
47,"DEU:Hagen, Kreisfreie Stadt",51.34291110650005,7.4875080169474835
48,"DEU:Rostock, Kreisfreie Stadt",54.148119348500046,12.143565909028556
49,"DEU:Oberhausen, Kreisfreie Stadt",51.511783147000045,6.853221303849631
50,DEU:Wetteraukreis,50.33124744450007,8.93446857923953
51,ESP:Tarragona,41.05338650550007,0.6270863050618757
52,ESP:Segovia,41.10883397450005,-4.183805510118308
53,AUT:Graz,47.11365364750006,15.422762040143034
54,AUT:Wiener Umland/Nordteil,48.35743199250004,16.338201942931953
55,AUT:Westliche Obersteiermark,47.18761851250005,14.445127805651357
56,AUT:Weinviertel,48.65576590100005,16.419026717444112
57,DEU:Stade,53.59914586900004,9.35973256673287
58,DEU:Ludwigsburg,48.90978983950004,9.14090534632817
59,DEU:Spree-Neiße,51.78160488350008,14.19670373920193
60,"DEU:Aschaffenburg, Landkreis",49.99068412450006,9.299429355011888
61,DEU:Peine,52.312044934000056,10.250372693275066
62,DEU:Eichsfeld,51.39071423600007,10.230087263286476
63,ITA:Rieti,42.41860839100005,12.882655561546697
64,ITA:Parma,44.69294791000007,10.097765944257423
65,DEU:Hochtaunuskreis,50.28521557400006,8.504051408925793
66,DEU:Eichstätt,48.91058579450004,11.38924119304832
67,DEU:Lahn-Dill-Kreis,50.639001426500045,8.327175425780371
68,DEU:Weißenburg-Gunzenhausen,49.03055234000004,10.929189538101465
69,DEU:Hersfeld-Rotenburg,50.90192302500006,9.764575935206675
70,"DEU:Aschaffenburg, Kreisfreie Stadt",49.97108532400006,9.13805231184614
71,DEU:Neckar-Odenwald-Kreis,49.46747452350007,9.271383667714687
72,"DEU:Nürnberg, Kreisfreie Stadt",49.43781616050006,11.064861810985631
73,FRA:Vienne,46.61191625950005,0.4650453864283794
74,FRA:Corrèze,45.34426008700004,1.8180687764984995
75,ITA:Forlì-Cesena,44.03402479100004,12.039665014352456
76,ITA:Asti,44.82591546550006,8.203694829525146
77,DEU:Saalekreis,51.45494627650007,11.85011082699206
78,"DEU:Salzgitter, Kreisfreie Stadt",52.11733575850005,10.340280632969847
79,DEU:Elbe-Elster,51.624569207000064,13.481259494141211
80,"DEU:Erfurt, Kreisfreie Stadt",50.98545932350007,11.026754504012988
81,"DEU:Oldenburg (Oldenburg), Kreisfreie Stadt",53.14282016850007,8.22292930708323
82,"DEU:Bamberg, Kreisfreie Stadt",49.88781581050006,10.89256729534635
83,"DEU:Baden-Baden, Stadtkreis",48.759172707500056,8.242815279040585
84,DEU:Freudenstadt,48.47258669800004,8.541002514966383
85,DEU:Rhein-Neckar-Kreis,49.39915068550008,8.562617220902293
86,"DEU:Herne, Kreisfreie Stadt",51.53653575100006,7.212614098667228
87,FRA:Nord,50.52983151300006,3.087340256241931
88,FRA:Jura,46.78207042300005,5.782470508366323
89,DEU:Donnersbergkreis,49.62740258400007,7.936604119563693
90,DEU:Konstanz,47.79601526700006,8.852053585095652
91,"DEU:Magdeburg, Kreisfreie Stadt",52.12684240450005,11.629472058605277
92,DEU:Mansfeld-Südharz,51.53452342900008,11.334968756583384
93,"DEU:Cottbus, Kreisfreie Stadt",51.77824676600005,14.382647641799098
94,"DEU:Amberg, Kreisfreie Stadt",49.45392353850005,11.84721344173972
95,GRC:Chios,38.37486541800007,26.063977562599984
96,GRC:Dytiki Attiki,38.10804804200004,23.46583410002294
97,DEU:Kulmbach,50.10039559950005,11.490925269032491
98,"DEU:Ulm, Stadtkreis",48.391106361000055,9.931451259142936
99,DEU:Anhalt-Bitterfeld,51.81724393900007,12.00944175852797
100,DEU:Regen,49.01579480150005,13.115490406863948
101,DEU:Tirschenreuth,49.90956811700005,12.193230720223548
102,DEU:Saale-Holzland-Kreis,50.91762444700007,11.808162946080191
103,DEU:Oberbergischer Kreis,51.03798527500007,7.524605310963455
104,"DEU:Ingolstadt, Kreisfreie Stadt",48.75397700650004,11.395295429419727
105,DEU:Schleswig-Flensburg,54.57411469400006,9.518587865970847
106,DEU:Main-Taunus-Kreis,50.099793969000046,8.427024608300673
107,DEU:Höxter,51.678296606500055,9.184304458097674
108,"DEU:Mülheim an der Ruhr, Kreisfreie Stadt",51.41285069150004,6.880858092968271
109,DEU:Ennepe-Ruhr-Kreis,51.349309815000055,7.265610885846693
110,FRA:Creuse,46.06104893200006,2.0501113392362726
111,FRA:Pyrénées-Atlantiques,43.18697760650005,-0.7276094818736735
112,DEU:Uckermark,53.24477940150007,13.841231780446604
113,"DEU:Straubing, Kreisfreie Stadt",48.883591341000056,12.595405874930492
114,DEU:Rendsburg-Eckernförde,54.32795075350006,9.722226898974236
115,TUR:Şırnak,37.43862617900004,42.588954437918375
116,TUR:Amasya,40.65713341600005,35.85636651543646
117,DEU:Segeberg,53.87820550900005,10.097331603578803
118,"DEU:Dessau-Roßlau, Kreisfreie Stadt",51.85572233600004,12.217824742057903
119,DEU:Prignitz,53.12338647750005,11.900289473452876
120,"DEU:Essen, Kreisfreie Stadt",51.440724499000055,7.044317234234812
121,DEU:Saarlouis,49.36122625650003,6.754217565765609
122,DEU:Birkenfeld,49.72801389050005,7.290047287847344
123,NOR:Møre og Romsdal,62.52811589350006,8.393670440306696
124,NOR:Finnmark/Finnmárku/Finmarkku,69.84283718800006,24.44275123037653
125,DEU:Cochem-Zell,50.12258810350008,7.139720349730515
126,DEU:Dillingen a.d. Donau,48.61376538800005,10.54742759559159
127,DEU:Schmalkalden-Meiningen,50.62211006700005,10.340882976607611
128,"DEU:Lübeck, Kreisfreie Stadt",53.88079436800007,10.72374491598888
129,"DEU:Kempten (Allgäu), Kreisfreie Stadt",47.73664112150004,10.313796098196388
130,"DEU:Bamberg, Landkreis",49.90642004500003,11.066165948288855
131,DEU:Vogtlandkreis,50.42438257500007,12.25187491135331
132,DEU:Cham,49.25868089400007,12.71749844280329
133,DEU:Coesfeld,51.86216026000005,7.320783140344231
134,POL:Włocławski,52.66761887000007,18.94233846648475
135,POL:Bydgosko-toruński,53.137442787000055,18.285756381984527
136,TUR:Trabzon,40.80849419350005,39.78104490223423
137,TUR:Niğde,37.85409220200006,34.733135452319615
138,DEU:Hohenlohekreis,49.26389869050004,9.62414942349954
139,DEU:Hamburg,53.57149618650004,9.943244761888645
140,DEU:Oberhavel,52.91855540250006,13.22765618369394
141,POL:Suwalski,53.81473003900007,23.13603922988012
142,"DEU:Speyer, Kreisfreie Stadt",49.33023103650007,8.42844459254423
143,DEU:Esslingen,48.650384075000034,9.356443395589904
144,"DEU:Flensburg, Kreisfreie Stadt",54.78523744100005,9.438352165733969
145,DEU:Altenkirchen (Westerwald),50.75253950300004,7.797585818405057
146,DEU:St. Wendel,49.52743173850007,7.129310269652084
147,DEU:Altenburger Land,50.95687034800005,12.433098197125474
148,DEU:Lindau (Bodensee),47.604576177500064,9.907573564108215
149,DEU:Kyffhäuserkreis,51.31539793200005,10.838429833349744
150,DEU:Calw,48.66065047700005,8.62638130270701
151,DEU:Rhein-Pfalz-Kreis,49.42914011650007,8.314042754234558
152,DEU:Rhein-Sieg-Kreis,50.75379160250006,7.37944588584638
153,DEU:Minden-Lübbecke,52.34685142300006,8.754477960720527
154,"DEU:Heilbronn, Landkreis",49.20459698000008,9.294237456433866
155,"DEU:Braunschweig, Kreisfreie Stadt",52.27361781800005,10.520359189330687
156,DEU:Südwestpfalz,49.20407495950005,7.787806731801041
157,"DEU:Erlangen, Kreisfreie Stadt",49.588782449000064,10.981763116533957
158,DEU:Heinsberg,51.04437516550004,6.2077901330539245
159,"DEU:Passau, Kreisfreie Stadt",48.57714852200007,13.430189022196124
160,DEU:Mettmann,51.21984364850008,6.956555254221582
161,DEU:Dahme-Spreewald,52.07371949200004,13.867139979934024
162,"DEU:Kiel, Kreisfreie Stadt",54.34248922550006,10.127524793841648
163,DEU:Nordwestmecklenburg,53.80515014950007,11.284831859700365
164,BEL:Arr. Roeselare,50.95260030000006,3.0720812311483083
165,BEL:Arr. Ieper,50.828855164500055,2.8666675347523327
166,DEU:Mainz-Bingen,49.91672845100004,8.06730721287142
167,"DEU:Heidelberg, Stadtkreis",49.40756652700003,8.712674548751904
168,DEU:Sächsische Schweiz-Osterzgebirge,50.90492454100004,13.9239934276397
169,"DEU:Wolfsburg, Kreisfreie Stadt",52.40684793550005,10.778977350323643
170,FRA:Calvados ,49.091879681500046,-0.2373520898413708
171,DEU:Diepholz,52.74719330000005,8.762742924138387
172,DEU:Vulkaneifel,50.23180901850006,6.76834830158176
173,DEU:Zollernalbkreis,48.25995086350008,8.911341803098544
174,DEU:Ammerland,53.20708338850005,8.005871051358337
175,"DEU:Regensburg, Landkreis",48.99306214550006,12.336148820745615
176,AUT:Lungau,47.12033766350007,13.622138524115918
177,AUT:Traunviertel,47.79675399050007,13.765949071260568
178,DEU:Sonneberg,50.41779507850004,11.113782022731725
179,DEU:Borken,51.987245175000055,6.944918155053643
180,"DEU:Rosenheim, Kreisfreie Stadt",47.850493380000046,12.113523359865685
181,TUR:Giresun,40.56331311950004,38.43983686847248
182,TUR:Muğla,36.94649280550004,28.646342079032035
183,ITA:Viterbo,42.49219637250005,11.949742364991344
184,ITA:Siena,43.16700843450008,11.46619303910472
185,POL:Koszaliński,54.19483920800005,16.18455690945942
186,POL:Bielski,49.67626844850005,19.10764756936657
187,POL:Elbląski,53.790829949000056,19.8192066969464
188,POL:Częstochowski,50.80109879600008,19.24540397281393
189,DEU:Olpe,51.08635047550004,8.02332368641078
190,DEU:Rottal-Inn,48.41226817650005,12.84666300820353
191,ITA:Nuoro,40.128137596000045,9.343018694609768
192,ITA:Barletta-Andria-Trani,41.16844651300005,16.137785729823285
193,DEU:Wittenberg,51.83288363550005,12.728378290174067
194,"DEU:Bottrop, Kreisfreie Stadt",51.57213106550006,6.888138207673049
195,POL:Sieradzki,51.52650648900004,18.813878818396795
196,POL:Krakowski,50.06938236850005,20.40486945375536
197,DEU:Havelland,52.62491234500007,12.685290526759095
198,CHE:Solothurn,47.28518894650006,7.573415390973912
199,"DEU:Memmingen, Kreisfreie Stadt",47.98207782200004,10.16986038502173
200,DEU:Alb-Donau-Kreis,48.38614690950007,9.72960862717116
201,DEU:Wesel,51.602524993500055,6.6035142579634245
202,"DEU:Delmenhorst, Kreisfreie Stadt",53.04842302950007,8.64734969423316
203,DEU:Schaumburg,52.27672812800006,9.203929683474565
204,"DEU:Kassel, Landkreis",51.41372371250006,9.39073063661191
205,DEU:Bautzen,51.28547226150005,14.209918025218672
206,"DEU:Kaiserslautern, Kreisfreie Stadt",49.42787421250006,7.758785585880146
207,DEU:Bernkastel-Wittlich,49.901178145000046,6.965080367565313
208,ITA:Padova,45.391143604000064,11.806299595187848
209,ITA:Siracusa,37.02849247700004,15.086654412949104
210,DEU:Erzgebirgskreis,50.60201837100007,12.956666181163468
211,DEU:Barnim,52.802489153500034,13.677792147898272
212,DEU:Oberspreewald-Lausitz,51.63204233350007,14.033855961404909
213,DEU:Siegen-Wittgenstein,50.91335973950007,8.133158177435007
214,"DEU:München, Kreisfreie Stadt",48.15289090600007,11.527895691446409
215,AUT:Innviertel,48.28018792800006,13.510358084651235
216,AUT:Mittelburgenland,47.504403046500045,16.49419045086631
217,AUT:Wiener Umland/Südteil,48.02689006850005,16.42052564935937
218,DEU:Steinfurt,52.234500597500045,7.512450820439776
219,DEU:Traunstein,47.89590470650006,12.652626458721745
220,"DEU:Koblenz, Kreisfreie Stadt",50.34886550500005,7.583702905683679
221,"DEU:Gießen, Landkreis",50.55947629500005,8.869611204832509
222,DEU:Weilheim-Schongau,47.78505851950004,11.085845384883797
223,ITA:Imperia,43.95891932850003,7.8682438805995645
224,"DEU:Kaiserslautern, Landkreis",49.45208732450007,7.575028548378231
225,DEU:Freyung-Grafenau,48.833398122000034,13.485645485994842
226,DEU:Harburg,53.31696167350006,9.908616071840903
227,"DEU:Kaufbeuren, Kreisfreie Stadt",47.88084427200005,10.60559619379758
228,DEU:Rastatt,48.78390955300006,8.097387695284143
229,"DEU:München, Landkreis",48.10678092000006,11.432946862791676
230,TUR:Ağrı,39.46819477700007,43.46581233307746
231,TUR:Balıkesir,39.80132206950006,27.98277198428768
232,DEU:Berchtesgadener Land,47.71403693350007,12.817739512150986
233,"DEU:Weiden i. d. Opf, Kreisfreie Stadt",49.663870228000064,12.1714931494978
234,DEU:Starnberg,47.976306688500046,11.289186314376623
235,"DEU:Suhl, Kreisfreie Stadt",50.62333980500006,10.715468035133432
236,FRA:Moselle,49.02160889550004,6.537182192743692
237,FRA:Paris,48.857971244000055,2.3198785788975886
238,DEU:Neustadt a. d. Aisch-Bad Windsheim,49.583922742000055,10.41502649841416
239,DEU:Schwandorf,49.36995797100005,12.27536418367977
240,GRC:Larisa,39.66366470500006,22.48443045736061
241,"GRC:Kalymnos, Karpathos, Kasos, Kos, Rodos",36.17164833700005,27.91810411882507
242,TUR:Ankara,39.70957338450006,32.50037186896454
243,TUR:Kırıkkale,39.86579319100005,33.686405546667686
244,TUR:Karabük,41.20749014250006,32.52441273152626
245,TUR:Hatay,36.41439221850007,36.22729874934922
246,TUR:Tokat,40.38691421600007,36.65625522792492
247,DEU:Reutlingen,48.40050370900005,9.377699644224432
248,DEU:Rottweil,48.237716708500045,8.499831928063312
249,DEU:Pfaffenhofen a. d. Ilm,48.60853739550007,11.523775997866611
250,"DEU:Worms, Kreisfreie Stadt",49.65905049950007,8.321961540405749
251,DEU:Hameln-Pyrmont,52.09493497600005,9.414562220422996
252,DEU:Hildesheim,52.09578920000007,9.927327311574691
253,DEU:Schwalm-Eder-Kreis,51.01727655100007,9.329797747484418
254,FRA:Pas-de-Calais,50.51600332550004,2.2571889840245096
255,FRA:Haute-Saône,47.63868120850006,6.095248729160197
256,DEU:Mecklenburgische Seenplatte,53.58486727250005,13.061388984254004
257,DEU:Neuwied,50.565234964500064,7.401284003751479
258,DEU:Plön,54.24532841650003,10.414114809745945
259,POL:Starogardzki,53.87860866650004,18.807034942833056
260,PRT:Oeste,39.33066203150005,-9.178344099056453
261,PRT:Alentejo Litoral,37.96619482500006,-8.586352416468765
262,DEU:Waldeck-Frankenberg,51.22791873050005,8.933040196451259
263,POL:Warszawski wschodni,52.21692637350006,21.55794852607204
264,POL:Gliwicki,50.36502325300006,18.518364129426352
265,DEU:Limburg-Weilburg,50.43182631150006,8.211853065478964
266,DEU:Nordsachsen,51.44164951150006,13.038859891640753
267,"DEU:Osnabrück, Kreisfreie Stadt",52.28068432500004,8.059582777635708
268,TUR:Siirt,37.921687631000026,42.09653062163128
269,TUR:Düzce,40.86866920450007,31.211769829909706
270,DEU:Teltow-Fläming,52.100704519500056,13.265757662262027
271,"DEU:Coburg, Landkreis",50.24238371750008,11.09410316877656
272,DEU:Rheinisch-Bergischer Kreis,51.01396926100006,7.171793047090024
273,"DEU:Schweinfurt, Kreisfreie Stadt",50.05229841300008,10.221756545001998
274,DEU:Warendorf,51.88048319950005,7.939639477247351
275,DEU:Bad Tölz-Wolfratshausen,47.73796050100003,11.527218826275462
276,DEU:Darmstadt-Dieburg,49.86258048400006,8.879513706492698
277,"DEU:Jena, Kreisfreie Stadt",50.927348687000034,11.586897385596602
278,"DEU:Augsburg, Kreisfreie Stadt",48.36145394350007,10.902819177887416
279,"DEU:Krefeld, Kreisfreie Stadt",51.34586728500005,6.581371158227233
280,"DEU:Frankfurt (Oder), Kreisfreie Stadt",52.32363698000006,14.493390983997267
281,DEU:Hildburghausen,50.41135225550005,10.707601645002647
282,DEU:Ravensburg,47.80238005150005,9.77641689330812
283,TUR:Burdur,37.32198154050005,30.616768317628512
284,TUR:Kocaeli,40.86927053100004,29.82086227056387
285,DEU:Saale-Orla-Kreis,50.58839728700005,11.781507672654062
286,DEU:Forchheim,49.73132633900005,11.145597856281253
287,DEU:Greiz,50.76213394150005,12.087784887354225
288,DEU:Heidenheim,48.64902149800005,10.096093557453036
289,"DEU:Offenbach am Main, Kreisfreie Stadt",50.09378445100006,8.783738254719317
290,DEU:Wartburgkreis,50.88935268750007,10.241591365695683
291,DEU:Leipzig,51.22477425550005,12.55387152044564
292,AUT:Bludenz-Bregenzer Wald,47.17414363350005,9.91619563587818
293,AUT:Unterkärnten,46.72471080650007,14.742378103688427
294,HUN:Tolna,46.482849059000046,18.482554209381057
295,HUN:Komárom-Esztergom,47.57879378100003,18.30521068102432
296,HUN:Vas,47.08726020950007,16.842991795071665
297,DEU:Gotha,50.91312949200005,10.714478419358375
298,DEU:Saarpfalz-Kreis,49.26179514600005,7.199286156610807
299,DEU:Ahrweiler,50.478290596500045,7.12127375845578
300,"DEU:Mannheim, Stadtkreis",49.49896716650005,8.509696670049042
301,"DEU:Halle (Saale), Kreisfreie Stadt",51.47347084650005,11.967312382721534
302,DEU:Northeim,51.76540093550005,9.85666977898127
303,POL:Miasto Kraków,50.04721870950005,19.99890158939476
304,"DEU:Landshut, Landkreis",48.54478344900005,12.308287713328763
305,DEU:Schwarzwald-Baar-Kreis,47.97696231400005,8.487678201253011
306,DEU:Altötting,48.199546860000055,12.72338309441151
307,FRA:Lot,44.62223363600006,1.666345244361307
308,FRA:Aube,48.32020918800004,4.190484835219921
309,ITA:Reggio Calabria,38.24462324550007,15.976501395191924
310,ITA:Sondrio,46.32180947100005,10.257638694872728
311,ESP:Huelva,37.50755725950003,-6.924822497255386
312,ESP:Menorca,39.95035105400004,4.0497363043905645
313,NLD:Delft en Westland,51.98531008750007,4.27181431532249
314,NLD:Arnhem/Nijmegen,51.91497585900007,5.918755976652031
315,"DEU:Solingen, Kreisfreie Stadt",51.16921831550008,7.058118288691704
316,"DEU:Duisburg, Kreisfreie Stadt",51.44901685800005,6.742649204379712
317,ITA:Catania,37.505260897000056,14.943938743188284
318,ITA:Avellino,40.99443066000006,15.13898319140961
319,ITA:Bari,40.95843937000004,16.771514026199952
320,DEU:Vorpommern-Greifswald,53.72438261850007,13.890924495962604
321,"DEU:Coburg, Kreisfreie Stadt",50.26248920200004,10.985061699499036
322,DEU:Kleve,51.62920493750005,6.201114065686036
323,DEU:Pinneberg,53.72838353550006,9.767019359916024
324,ITA:Reggio nell’Emilia,44.60842721350005,10.594153909477082
325,ITA:Trento,46.103615133000034,11.135759919482282
326,DEU:Weimarer Land,50.95497568800005,11.205407805845343
327,ITA:Piacenza,44.847592253000045,9.666492689410042
328,ITA:Gorizia,45.86207408550007,13.498021933090318
329,"DEU:Potsdam, Kreisfreie Stadt",52.429393999500064,13.025038975942858
330,"DEU:Karlsruhe, Landkreis",49.05409699050006,8.66442791715345
331,DEU:Börde,52.20093852100007,11.33472956031816
332,DEU:Kelheim,48.80184096200006,11.921695614824271
333,ITA:Catanzaro,38.827105374500064,16.425288726028278
334,ITA:Savona,44.23339778700006,8.252433041460977
335,DEU:Biberach,48.12272048850005,9.717898126195518
336,DEU:Wunsiedel i. Fichtelgebirge,50.10001041400005,12.014299125415317
337,DEU:Straubing-Bogen,48.917486535500046,12.71864582323661
338,DEU:Nürnberger Land,49.49317208300005,11.371500250411849
339,"DEU:Bonn, Kreisfreie Stadt",50.70383715300005,7.098298453270619
340,DEU:Trier-Saarburg,49.71660701650004,6.837482804256656
341,CHE:Basel-Landschaft,47.45104226500004,7.822936260030518
342,CHE:Fribourg / Freiburg,46.72267054200006,7.110754071439823
343,ROU:Dolj,44.21589630050005,23.66837255746889
344,ROU:Braşov,45.786781952500064,25.15410930929638
345,DEU:Günzburg,48.34447317750005,10.38772563372354
346,ROU:Buzău,45.26553210100005,26.77520486358824
347,ROU:Cluj,46.88675975800004,23.714312511093784
348,TUR:Ardahan,41.10998972650003,42.92692675479658
349,TUR:Kırklareli,41.66547785600005,27.524830542381807
350,POL:Miasto Łódź,51.773502455000056,19.478474970057707
351,POL:Jeleniogórski,51.06438420250004,15.656871555181388
352,ITA:Oristano,40.02665445200003,8.679281747749593
353,ITA:Verbano-Cusio-Ossola,46.11551004750004,8.383639553673351
354,GRC:Evvoia,38.49536378550005,23.91192702082077
355,GRC:Chania,35.43535153600007,23.91244539847297
356,BGR:Dobrich,43.66220108750005,27.888948985404525
357,BGR:Razgrad,43.63994884150006,26.70272847198416
358,DEU:Lichtenfels,50.10383996400006,11.093863663098531
359,DEU:Ostallgäu,47.81194347750005,10.558082921492606
360,DEU:Südliche Weinstraße,49.17153797600005,7.950017070190059
361,"DEU:Neumünster, Kreisfreie Stadt",54.08305201950006,9.97657476741377
362,BEL:Arr. Neufchâteau,49.91943917600005,5.307779460469406
363,BEL:Arr. Kortrijk,50.81057576000006,3.3101377751440344
364,DEU:Cuxhaven,53.58367782050007,8.882983941384753
365,POL:Rzeszowski,50.11326049650006,22.00579409591775
366,POL:Szczecinecko-pyrzycki,53.31366584400004,16.08354363312558
367,DEU:Miesbach,47.757440374000055,11.823810098540108
368,ITA:Bolzano-Bozen,46.65554139750006,11.231066401963332
369,ITA:Brescia,45.77225414550006,10.422991000027327
370,DEU:Dingolfing-Landau,48.63781228750005,12.660838571777749
371,ITA:Caserta,41.20298138400005,14.116420644878833
372,ITA:Bergamo,45.75826741800006,9.752786663630248
373,DEU:Herford,52.163439243000056,8.632614563562724
374,DEU:Potsdam-Mittelmark,52.26679905100005,12.700488433165592
375,"DEU:Dresden, Kreisfreie Stadt",51.07604540050005,13.741115841754604
376,DEU:Donau-Ries,48.81012552750005,10.69762969422067
377,FRA:Mayotte ,-12.828959663499944,45.14869603677991
378,FRA:Hauts-de-Seine ,48.84007861250007,2.198830728657129
379,ESP:Albacete,38.72452034850005,-1.9543626415771804
380,ESP:Ourense,42.19269801600004,-7.536621236336593
381,FRA:Lozère,44.54355139350005,3.5212768578088287
382,FRA:Lot-et-Garonne,44.37034222300008,0.4545535688478884
383,FRA:Loir-et-Cher,47.65982366450004,1.2974917749500117
384,"DEU:Würzburg, Kreisfreie Stadt",49.77750209700005,9.936335676177247
385,"DEU:Pirmasens, Kreisfreie Stadt",49.18773081450007,7.593265817657582
386,DEU:Sigmaringen,48.05186941400007,9.238214997206086
387,ESP:Lanzarote,29.039149031500045,-13.636665816046854
388,ESP:Almería,37.30177367000008,-2.1845796382006686
389,POL:Koniński,52.27872349700005,18.232971495041497
390,POL:Pilski,53.113021319500064,16.85672938527687
391,TUR:Bitlis,38.49902893700005,42.22483954882568
392,TUR:İstanbul,41.26879106200005,28.4935337925956
393,DEU:Dachau,48.33064653150004,11.369794867405831
394,DEU:Uelzen,52.98260855350006,10.535667209347888
395,DEU:Ostholstein,54.13856510650004,10.73739400812766
396,DEU:Gütersloh,51.92565810450006,8.334912407049554
397,"DEU:Offenbach, Landkreis",50.04109849650004,8.816672611798785
398,ESP:Araba/Álava,42.84685163200004,-2.681504930102382
399,ROU:Sibiu,45.88983914200003,24.23561561829515
400,ROU:Mureş,46.607174423500055,24.62482233556608
401,FRA:Ardèche,44.81509673050007,4.39877980753285
402,"DEU:Bayreuth, Kreisfreie Stadt",49.93264253150005,11.5858930014211
403,DEU:Leer,53.20474637300004,7.4593970917625905
404,DEU:Erding,48.29835693550004,12.009531724608662
405,DEU:Burgenlandkreis,51.12669780350007,11.849435300449857
406,GRC:Zakynthos,37.786438116000056,20.78885623161496
407,GRC:Imathia,40.517727984500056,22.179402904620247
408,TUR:Sinop,41.64916592650003,34.99211290411401
409,TUR:Yalova,40.60334379650004,29.216598968694683
410,DEU:Rhein-Erft-Kreis,50.89207642600008,6.735011941444774
411,DEU:Oder-Spree,52.25128887400007,14.266334972827266
412,ITA:Sassari,40.77350877650005,8.923988981727476
413,ITA:Cosenza,39.59852773600005,16.330386206858883
414,DEU:Main-Kinzig-Kreis,50.26608708700007,9.4065269280408
415,"DEU:Regensburg, Kreisfreie Stadt",49.02194780400004,12.100918549931723
416,DEU:Paderborn,51.66490968600005,8.768848401825966
417,DEU:Nordhausen,51.508325865000046,10.73352339169782
418,DEU:Landkreis Rostock,53.92122265900005,12.295851836419894
419,DEU:Main-Spessart,49.99552014750006,9.708673001992665
420,DEU:Göppingen,48.650205629000055,9.739438922720534
421,DEU:Alzey-Worms,49.74392993200007,8.202514117801861
422,ESP:Barcelona,41.760116315500056,2.0307008309731724
423,ESP:León,42.62991046950003,-5.971001316208753
424,ESP:Burgos,42.32538152850006,-3.67701500562906
425,"DEU:Leverkusen, Kreisfreie Stadt",51.055983769500045,7.013052113957613
426,DEU:Friesland (DE),53.51072927200005,7.993601106975907
427,ITA:Rimini,43.946370270000045,12.628805540146882
428,ITA:Pescara,42.30869620900006,13.957580513504062
429,"DEU:Bielefeld, Kreisfreie Stadt",52.01584752950004,8.558041383066577
430,"DEU:Augsburg, Landkreis",48.36288366100007,10.686615526261049
431,DEU:Wolfenbüttel,52.13447669800004,10.65406572076402
432,"DEU:Ansbach, Landkreis",49.236310473500055,10.375274130993894
433,"DEU:Schwerin, Kreisfreie Stadt",53.61609601650005,11.43089903441994
434,DEU:Deggendorf,48.77613771500006,13.000076803941605
435,"DEU:Wilhelmshaven, Kreisfreie Stadt",53.56885465450006,8.094568999332536
436,DEU:Viersen,51.29769870150005,6.318652639631823
437,DEU:Neu-Ulm,48.29094836750005,10.171579503499586
438,DEU:Grafschaft Bentheim,52.44690679400006,7.108295808765211
439,"DEU:Gera, Kreisfreie Stadt",50.88798931450003,12.080704449598482
440,FRA:Charente,45.66549165100005,0.0988555752973643
441,FRA:Aisne,49.45045699450003,3.609593262170317
442,DEU:Werra-Meißner-Kreis,51.20826514850006,9.892698715015186
443,POL:Żyrardowski,51.98679987150004,20.43817474097909
444,DEU:Ostalbkreis,48.88728727250006,10.099213368332354
445,DEU:Wittmund,53.53652863050005,7.745005188860438
446,"DEU:Bayreuth, Landkreis",49.87331139750006,11.548736191328508
447,DEU:Dithmarschen,54.13294242050006,9.122559283206598
448,DEU:Steinburg,53.90632806200006,9.482935249432902
449,"DEU:Brandenburg an der Havel, Kreisfreie Stadt",52.40661014200006,12.527134069425152
450,DEU:Ostprignitz-Ruppin,53.00225239800005,12.704690724430026
451,"DEU:Heilbronn, Stadtkreis",49.15173894100008,9.203250809412197
452,DEU:Neustadt a. d. Waldnaab,49.68098645300006,11.863753484620776
453,"DEU:Fürth, Landkreis",49.453705586500064,10.831700712716788
454,DEU:Garmisch-Partenkirchen,47.56414783850005,11.083794613571186
455,DEU:Lörrach,47.70656705000005,7.749811994093752
456,ITA:Livorno,42.790106930000064,10.33882804591148
457,ITA:Napoli,40.79547743750007,14.46184774344539
458,ROU:Caraş-Severin,45.13074758450006,22.073981945529887
459,ROU:Iaşi,47.20109619850004,27.191314388218085
460,"GRC:Karditsa, Trikala",39.46399627300005,21.71610190515633
461,GRC:Kilkis,41.06698791400007,22.75689463709569
462,"DEU:Pforzheim, Stadtkreis",48.87646594950005,8.720267074861638
463,TUR:Adıyaman,37.81481009450005,38.209556530632
464,TUR:Hakkari,37.39612410700005,43.99739858867223
465,DEU:Lüchow-Dannenberg,53.04814974600004,11.177213399522138
466,DEU:Emmendingen,48.13318649750005,7.861461972725719
467,ESP:Madrid,40.52170160700007,-3.767642378426471
468,ESP:Pontevedra,42.36343819450008,-8.533924750728751
469,DEU:Bodenseekreis,47.71462130400005,9.39613436617337
470,"DEU:Landau in der Pfalz, Kreisfreie Stadt",49.194574745500034,8.094418495972915
471,"DEU:Rosenheim, Landkreis",47.87194728900005,11.972868774973284
472,DEU:Fulda,50.58119337450003,9.764039863435428
473,"DEU:Neustadt an der Weinstraße, Kreisfreie Stadt",49.34974523850005,8.115547621534347
474,DEU:Waldshut,47.70381855200006,8.194906370249416
475,FRA:Savoie,45.49588917100005,6.381735298728668
476,FRA:Pyrénées-Orientales,42.62453309450004,2.507650060825719
477,FRA:Isère,45.29075644400007,5.635729574058562
478,FRA:Loiret,47.914980604500045,2.3060673926111592
479,FRA:Oise,49.41157327550005,2.406089651817915
480,CHE:Appenzell Ausserrhoden,47.35822323500005,9.277588717816975
481,CHE:Bern / Berne,46.822868595000045,7.617203187121813
482,"DEU:Ansbach, Kreisfreie Stadt",49.28978544050005,10.560275920022509
483,GRC:Fthiotida,38.88709868250007,22.22258443979637
484,ITA:Trieste,45.69313014900004,13.785018751954023
485,ITA:Palermo,37.87906356800005,13.60926705167181
486,DEU:Bergstraße,49.62266262700004,8.525438418543413
487,"DEU:Frankenthal (Pfalz), Kreisfreie Stadt",49.53364415950006,8.347581794881911
488,"DEU:Karlsruhe, Stadtkreis",49.01597501550006,8.409515999377476
489,AUT:Tiroler Unterland,47.35658352800005,12.013775318744884
490,TUR:Osmaniye,37.33798396200004,36.29573173241604
491,TUR:Edirne,41.293900314500064,26.695632058783275
492,"DEU:Mainz, Kreisfreie Stadt",49.96506427400007,8.256588186148061
493,"DEU:Münster, Kreisfreie Stadt",51.950250468000064,7.6128186844316925
494,FRA:Dordogne,45.14400486200003,0.6306937136230099
495,TUR:Yozgat,39.61828229950004,35.2996310511617
496,TUR:Denizli,37.67831634000004,29.243289685156423
497,DEU:Vechta,52.66023922100004,8.173374643810837
498,ITA:Ferrara,44.76532631850003,11.83161280077849
499,ITA:Teramo,42.66205100700006,13.69450016112426
500,DEU:Region Hannover,52.40204274250004,9.800088665526363
501,DEU:Helmstedt,52.26105020300005,10.891916692509923
502,DEU:Salzlandkreis,51.851029350500056,11.602708000139476
503,DEU:Celle,52.71287863850006,10.061365654215084
504,DEU:Kusel,49.54035196400005,7.455612104960433
505,FRA:Guadeloupe,16.154037665500056,-61.67682660444341
506,DEU:Neunkirchen,49.36332279800004,7.090787608365934
507,DEU:Verden,52.97628754750005,9.180986056563398
508,FRA:Gers,43.69473286600007,0.4094730217529386
509,FRA:Corse-du-Sud,41.874802314500045,9.009226644308804
510,DEU:Gifhorn,52.575085802000046,10.661787194020109
511,DEU:Harz,51.81263232600003,10.913247092627394
512,POL:Płocki,52.62081399200005,19.77475433799103
513,POL:Kielecki,50.93851130300004,20.88568690508547
514,"DEU:Wuppertal, Kreisfreie Stadt",51.24096228150003,7.165015944642809
515,DEU:Märkisch-Oderland,52.64233173200006,14.17642814283096
516,"DEU:Osnabrück, Landkreis",52.37347789750004,8.160309966973362
517,DEU:Lippe,51.993540024000055,8.919452533660603
518,BEL:Arr. Virton,49.64277049100005,5.515911805223841
519,BEL:Arr. Mons,50.46023751700005,3.909703478246728
520,ITA:Monza e della Brianza,45.63827798300005,9.277865649477064
521,TUR:Çankırı,40.67327531700005,33.443141735687114
522,ROU:Tulcea,45.04065358650004,28.897079713151893
523,ROU:Suceava,47.53172852100005,25.83432172023486
524,DEU:Osterholz,53.26478622350004,8.742081933568798
525,DEU:Marburg-Biedenkopf,50.83392659650005,8.772258045427238
526,"DEU:Chemnitz, Kreisfreie Stadt",50.82238567550005,12.88767902643714
527,POL:Chojnicki,53.846333158500045,17.47065992478335
528,POL:Nowosądecki,49.56452151750005,20.84424512249732
529,DEU:Groß-Gerau,49.90021260100005,8.452894247725471
530,DEU:Nienburg (Weser),52.64865317500005,9.257019719953476
531,FRA:Ardennes,49.69752753900005,4.672040747746682
532,FRA:Doubs,47.06556628650006,6.237406457783708
533,"DEU:Gelsenkirchen, Kreisfreie Stadt",51.55684883850006,7.081620067306587
534,BGR:Burgas,42.44465095500007,27.22122328888769
535,DEU:Haßberge,50.04500368800007,10.589490613262983
536,DEU:Fürstenfeldbruck,48.19136155150005,11.212001099966464
537,"GRC:Argolida, Arkadia",37.42905299100005,22.376082367947497
538,"GRC:Lesvos, Limnos",39.17451545200007,26.0018087969998
539,"DEU:Emden, Kreisfreie Stadt",53.36482499400003,7.195260437183812
540,POL:Słupski,54.32823335000006,17.28104357748311
541,DEU:Wesermarsch,53.36063094700003,8.347114143978079
542,DEU:Rotenburg (Wümme),53.25586281300005,9.308451882340238
543,DEU:Rheingau-Taunus-Kreis,50.13376456300006,8.070963998061188
544,ITA:Treviso,45.80480002300007,12.208682596353473
545,ITA:Chieti,42.10264351200004,14.416213814630131
546,FRA:Var,43.41749005850005,6.266727270635051
547,FRA:Gard,43.95977139650006,4.295850267143211
548,"GRC:Thasos, Kavala",40.96211728700007,24.43384638532126
549,GRC:Xanthi,41.13340507600006,24.868022543214465
550,POL:Kaliski,51.62510973600007,17.914831779454744
551,ITA:Brindisi,40.637081345500064,17.721251902121303
552,"DEU:Zweibrücken, Kreisfreie Stadt",49.25226326500004,7.368667200643337
553,"DEU:Weimar, Kreisfreie Stadt",50.97574581450005,11.329069865198104
554,DEU:Main-Tauber-Kreis,49.57246679550005,9.671912866803968
555,CHE:Nidwalden,46.89578515400007,8.403692503683326
556,CHE:Glarus,46.98560137950005,9.09233063725114
557,DEU:Soest,51.560637264000064,8.155757664037917
558,FRA:Marne,48.96287604550005,4.314961368521473
559,DEU:Stendal,52.68640495850008,11.852944186639428
560,FRA:Hautes-Pyrénées ,43.14318883600004,0.1570224023825902
561,DEU:Vorpommern-Rügen,54.230252038500055,12.808328061100593
562,"DEU:Bochum, Kreisfreie Stadt",51.47592895100004,7.228617886094664
563,DEU:Westerwaldkreis,50.54431704150008,7.863119239147801
564,TUR:Çanakkale,39.96603237350007,26.843538393518863
565,CHE:Zug,47.16660566950006,8.536723506195946
566,CHE:Appenzell Innerrhoden,47.31139994700007,9.405591518684002
567,DEU:Unterallgäu,48.02534884050005,10.4558403522603
568,"DEU:Leipzig, Kreisfreie Stadt",51.34265206950005,12.389028113533666
569,AUT:West- und Südsteiermark,46.91272247700008,15.197017344876963
570,DEU:Böblingen,48.68285563050006,8.963238585872752
571,TUR:Çorum,40.64614063700003,34.715993202585395
572,ITA:Foggia,41.50143081250005,15.453581220170266
573,DEU:Altmarkkreis Salzwedel,52.666534538000064,11.177987160627552
574,DEU:Goslar,51.84732570400004,10.347353588127197
575,DEU:Görlitz,51.208399445000055,14.84783203566873
576,DEU:Rhön-Grabfeld,50.38143842450003,10.20590392322013
577,AUT:Waldviertel,48.645371200000056,15.315356264253245
578,AUT:Mostviertel-Eisenwurzen,48.04289597750005,14.923916996342626
579,BEL:Arr. Marche-en-Famenne,50.23862370800006,5.484953028872777
580,BEL:Arr. Waremme,50.662848540000056,5.2191695743639785
581,DEU:Germersheim,49.132316762000045,8.314617763359147
582,"DEU:Bremen, Kreisfreie Stadt",53.121299451000056,8.809623944862937
583,HUN:Szabolcs-Szatmár-Bereg,48.00536086850005,21.96819203112512
584,HUN:Baranya,46.077131477500046,18.218999571464792
585,TUR:Muş,39.01145675800007,41.94534093952734
586,FRA:La Réunion,-21.13145145799993,55.53619711217674
587,ESP:Ávila,40.62552329400006,-4.835890534161348
588,"DEU:Passau, Landkreis",48.52728507350005,13.270712746904938
589,"DEU:Trier, Kreisfreie Stadt",49.77795631250004,6.663840387573924
590,DEU:Heidekreis,52.908893094000064,9.77933011911123
591,ITA:Matera,40.44561746300005,16.472372840844873
592,ITA:Lecco,45.90242856550006,9.412869102775124
593,SRB:Pčinjska oblast,42.53303749800003,22.10069226232929
594,SRB:Srednjobanatska oblast,45.433171303500046,20.51322207815174
595,BEL:Arr. Aalst,50.86286358250004,3.9144422789936986
596,DEU:Landsberg am Lech,48.04218971600005,10.944174617350654
597,DEU:Ortenaukreis,48.43830842600008,8.009938714079556
598,"GRC:Arta, Preveza",39.24338660550006,20.92795975708124
599,DEU:Meißen,51.22998296950007,13.501821070894913
600,FRA:Val-de-Marne,48.77560454750005,2.455115514596596
601,TUR:Eskişehir,39.60906849500006,31.06198291593877
602,DEU:Enzkreis,48.91856666450005,8.843931111192349
603,DEU:Miltenberg,49.75561822650005,9.221016205576625
604,"DEU:Fürth, Kreisfreie Stadt",49.48869534000005,10.960110192777355
605,"DEU:Düsseldorf, Kreisfreie Stadt",51.23778004750005,6.787172862735042
606,DEU:Schwäbisch Hall,49.15656409800008,9.935712995548492
607,DEU:Bad Kreuznach,49.81923579200006,7.671597695059921
608,ITA:Ravenna,44.36509159350007,12.059135438518648
609,ESP:Valencia/València,39.33404678750006,-0.8019770714363135
610,ESP:Guadalajara,40.74142346900004,-2.5050392600436364
611,AUT:Außerfern,47.36163935300005,10.546650788976184
612,AUT:Oberkärnten,46.84111885450005,13.48907250958479
613,POL:Łomżyński,52.91233805300007,22.352880204545787
614,POL:Gorzowski,52.59737215150005,15.208812225414585
615,ROU:Brăila,45.12052686550007,27.66729456445228
616,DEU:Göttingen,51.56500062400005,10.023225505631435
617,TUR:Isparta,37.90945872150007,30.7998083273824
618,TUR:Bolu,40.57124280650004,31.58697295173494
619,DEU:Rhein-Kreis Neuss,51.17456802950005,6.659733539211988
620,"DEU:Tübingen, Landkreis",48.49331256800005,8.962635982957977
621,ITA:Alessandria,44.83517217650004,8.743340488726124
622,ITA:Lodi,45.26132180300005,9.493565728478911
623,ITA:Ancona,43.48242957700003,13.21718489415954
624,ITA:Pordenone,46.09695900950007,12.69902587610526
625,FRA:Tarn-et-Garonne,44.08039471550006,1.2052929391693052
626,FRA:Meurthe-et-Moselle ,48.95871230750007,5.98486912151307
627,DEU:Breisgau-Hochschwarzwald,47.92996921950007,8.133869275952648
628,ITA:Cuneo,44.46053245250005,7.555258774527655
629,POL:Olsztyński,53.80865616950004,20.91823726120156
630,AUT:Steyr-Kirchdorf,47.87130806300007,14.402798565366274
631,AUT:Östliche Obersteiermark,47.526918908000056,15.19794332944853
632,PRT:Região Autónoma dos Açores,37.80728237450006,-25.47239261104972
633,PRT:Douro,41.16876922900005,-7.30712214921776
634,ESP:Lleida,42.06625917800005,1.1781995144377118
635,FRA:Vosges,48.161768465500046,6.380611431816165
636,FRA:Puy-de-Dôme,45.77213948000008,3.0836526475269355
637,GRC:Kerkyra,39.59242840550007,19.858245349547108
638,GRC:Dytikos Tomeas Athinon,38.02170380800004,23.67210243652422
639,DEU:Recklinghausen,51.67333020000007,7.14414138573779
640,"DEU:Kassel, Kreisfreie Stadt",51.30824104300004,9.45413390256006
641,BEL:Arr. Thuin,50.18349675950006,4.274174898656058
642,BEL:Arr. Hasselt,50.92109013850006,5.304562785208463
643,ITA:Perugia,43.105288591500056,12.40449900576453
644,ITA:Modena,44.538530778500046,10.9361135600948
645,HRV:Krapinsko-zagorska županija,46.089057419000056,15.933567682694711
646,HRV:Brodsko-posavska županija,45.21800544050004,17.395938033274454
647,DEU:Städteregion Aachen,50.72258736250007,6.193965894458374
648,SVN:Gorenjska,46.26393941450005,14.159506619204988
649,FRA:Martinique ,14.638459065000063,-61.0171380669684
650,FRA:Bas-Rhin,48.59892884550004,7.534383607289799
651,ROU:Teleorman,44.06895525650006,25.19234399816674
652,TUR:Batman,38.01884407150004,41.30997068387502
653,TUR:Gaziantep,37.10558545900005,37.234594801169095
654,ITA:Pesaro e Urbino,43.693403228500046,12.70088489067437
655,ITA:Milano,45.45368007500005,9.111517565313427
656,NLD:Midden-Noord-Brabant,51.61013708600004,5.093398135321873
657,NLD:Overig Groningen,53.26855063300008,6.580516736921352
658,NLD:Zuidoost-Drenthe,52.80907538450006,6.878958968654048
659,BGR:Silistra,43.90379316600004,27.06686168437182
660,BGR:Montana,43.47979944800005,23.116723759750634
661,DEU:Herzogtum Lauenburg,53.59328775950004,10.664318793128842
662,DEU:Rhein-Hunsrück-Kreis,50.05447880400007,7.511137828059839
663,"DEU:Darmstadt, Kreisfreie Stadt",49.873150071000055,8.662594742914884
664,FRA:Deux-Sèvres,46.537859790000056,-0.2998936257408328
665,FRA:Maine-et-Loire,47.38876070400005,-0.3898917179264748
666,FRA:Yonne,47.85735511600004,3.644318545942623
667,DEU:Bad Dürkheim,49.46845854600005,8.114453184431602
668,TUR:Gümüşhane,40.33427731500007,39.42251071468446
669,TUR:Samsun,41.27749937500008,35.8784310476067
670,POL:Nyski,50.58385165400006,17.32119236128858
671,POL:Bytomski,50.583313331000056,18.85002500451796
672,HUN:Somogy,46.42215988100003,17.598996762951465
673,HUN:Veszprém,47.11619600450004,17.719438833512022
674,ITA:Salerno,40.41793040950003,15.313071399822917
675,"DEU:Schwabach, Kreisfreie Stadt",49.33517540700004,11.029797618955254
676,FRA:Seine-et-Marne ,48.619552981000055,3.041265167114698
677,FRA:Haute-Corse,42.42310082950005,9.101046323921206
678,DEU:Holzminden,51.843544777000034,9.562811880741531
679,SRB:Šumadijska oblast,44.11870358200005,20.85261318447425
680,SRB:Severnobanatska oblast,45.88837234150006,20.19044657231626
681,ITA:Cremona,45.22121128150008,10.03571359003958
682,"GRC:Magnisia, Sporades",39.28637861100006,22.7424402944593
683,CZE:Kraj Vysočina,49.40079779550007,15.57089294086718
684,CZE:Královéhradecký kraj,50.40968361550003,15.68552196216476
685,ITA:Isernia,41.64796048100004,14.207976610115317
686,ITA:Como,45.94185223300005,9.145683013274798
687,FRA:Eure-et-Loir,48.44778384700007,1.399054062794841
688,FRA:Seine-Saint-Denis ,48.91193836350007,2.452476066197147
689,ITA:Udine,46.14151354550006,13.294504861960808
690,ITA:Messina,38.05065140200006,15.005937486998974
691,ITA:Macerata,43.15261308800004,13.149143561565126
692,ITA:Grosseto,42.77544899800006,11.285228742253402
693,BGR:Plovdiv,42.233338009500045,24.789656313673028
694,BGR:Lovech,43.04390118400005,24.490014139583707
695,BEL:Bezirk Verviers — Deutschsprachige Gemeinschaft,50.32490813550007,6.19288378938474
696,BEL:Arr. Oostende,51.18269236000003,2.92395839853915
697,SWE:Östergötlands län,58.36034729000005,15.6271110154318
698,SWE:Stockholms län,59.47593130900006,17.94988773324362
699,"DEU:Lüneburg, Landkreis",53.214277311000046,10.54512122711795
700,FRA:Côtes-d’Armor,48.45064124900006,-2.7435496687891106
701,SRB:Zlatiborska oblast,43.58725820150005,19.75992728193725
702,SRB:Severnobačka oblast,45.90046420400006,19.583474014975227
703,SWE:Västra Götalands län,58.20689973350005,13.16249201042152
704,SWE:Örebro län,59.37954696050008,14.988012014693428
705,POL:Miasto Wrocław,51.12669855200005,16.98106847358314
706,"DEU:Würzburg, Landkreis",49.71693883250006,9.8762543776518
707,DEU:Stormarn,53.707596937000034,10.303822473997984
708,DEU:Kronach,50.34154275800006,11.406064053957984
709,DEU:Bad Kissingen,50.22742714250006,10.002765399314107
710,TUR:Diyarbakır,38.10542172450005,40.22224028139426
711,TUR:Antalya,36.77085979100005,31.87779144315808
712,TUR:Bingöl,39.01863965200005,40.72056619092898
713,TUR:Kastamonu,41.41922280050005,33.789602409975714
714,"DEU:Wiesbaden, Kreisfreie Stadt",50.07219806450004,8.25316209330363
715,ITA:Crotone,39.18418392400005,16.87811681027646
716,ITA:Vercelli,45.55612992050004,8.345623693384386
717,POL:Lubelski,51.27646089750005,22.7617777635325
718,ITA:Verona,45.443323434000064,10.975628651806044
719,"DEU:Hamm, Kreisfreie Stadt",51.66050731050004,7.814901868325747
720,FRA:Mayenne,48.150857118500056,-0.6499016435758819
721,FRA:Saône-et-Loire,46.65803556850005,4.560230459453947
722,AUT:Tiroler Oberland,47.08030275850004,10.610254613949143
723,TUR:Erzincan,39.54610663450004,39.05299614994913
724,POL:Gdański,54.469304589000046,18.13742651861434
725,POL:Nowotarski,49.504804490000055,19.998341609023456
726,ESP:Palencia,42.40816813050006,-4.61893106073844
727,ESP:La Rioja,42.28327214700005,-2.4828031135403053
728,ESP:Eivissa y Formentera,38.97590123050006,1.4193487169319368
729,POL:Białostocki,53.286293687500034,23.40915269352474
730,POL:Wałbrzyski,50.56009107550005,16.746798420730173
731,ESP:Ciudad Real,38.96144028050006,-3.885563972559142
732,ESP:Zaragoza,41.84402038850007,-1.170849419808773
733,GRC:Fokida,38.54308476650005,22.251151835782714
734,GRC:Notios Tomeas Athinon,37.91460922500005,23.7539440330049
735,ITA:Vibo Valentia,38.62730301850007,16.098137257646904
736,ITA:Valle d’Aosta/Vallée d’Aoste,45.72990572650005,7.371748053651182
737,ITA:Ascoli Piceno,42.88317275450004,13.541145805833978
738,DEU:Kitzingen,49.75299925900004,10.274037600622917
739,DEU:Düren,50.822293374000026,6.525787698544402
740,FRA:Rhône,45.87867536350007,4.615601651119633
741,ROU:Constanţa,44.26952091200005,28.2921302344391
742,FRA:Manche ,49.09432265800004,-1.244405244219705
743,"DEU:Stuttgart, Stadtkreis",48.77707701650005,9.199793674759286
744,FRA:Haute-Marne,48.13120365450007,5.250453210307761
745,DEU:Märkischer Kreis,51.27348993250007,7.728823971602624
746,DEU:Cloppenburg,52.930666640000055,7.964761827510518
747,ROU:Ialomiţa,44.59722536900006,27.20314584446597
748,ROU:Alba,46.01278716100006,23.54553757552529
749,TUR:Bayburt,40.24756888400003,40.22000624688981
750,TUR:Mersin,36.720405537500014,33.73469142524033
751,TUR:Uşak,38.55240298850006,29.32578045808356
752,ITA:Varese,45.84037579300005,8.754422635666689
753,HUN:Békés,46.73614395000007,21.05674424850893
754,BEL:Arr. Bastogne,50.08435807900005,5.734926139816759
755,BEL:Arr. Brugge,51.19267658550007,3.20404256238498
756,ITA:Massa-Carrara,44.226106854500046,10.048787800352738
757,TUR:Sivas,39.52950178250006,37.198755363982045
758,ITA:Roma,41.85298556850006,12.631292787410423
759,TUR:Nevşehir,38.83542368000005,34.601650160354325
760,DEU:Neumarkt i. d. OPf.,49.19204231100005,11.603307417358716
761,ROU:Prahova,45.10815383700006,26.038957738585445
762,ROU:Galaţi,45.77794108300006,27.74835314569446
763,BEL:Arr. Verviers — communes francophones,50.51046368550004,5.95471131115945
764,FRA:Nièvre,47.120162373000056,3.545223150395689
765,FRA:Cher,47.02372305900008,2.575571646859804
766,FRA:Alpes-Maritimes,43.922600997000046,7.240819895291147
767,TUR:Mardin,37.32776346050005,40.77412511118772
768,"DEU:Bremerhaven, Kreisfreie Stadt",53.53933972650006,8.608245435249028
769,ESP:Mallorca,39.61265576450003,2.882312571261856
770,BGR:Sofia (stolitsa),42.654144021000064,23.33329146687696
771,BGR:Ruse,43.70002932400004,26.087956682587013
772,FRA:Bouches-du-Rhône,43.542608777000055,5.033746533280292
773,TUR:Kahramanmaraş,37.89777475100004,36.89687586757116
774,DEU:Erlangen-Höchstadt,49.63078409750005,10.850878697123102
775,AUT:Niederösterreich-Süd,47.75433369900006,15.904925808845574
776,DNK:Vest- og Sydsjælland,54.78010919400006,11.412291985452278
777,DNK:Byen København,55.641773290500026,12.575271289415465
778,ITA:Lecce,40.15297632450006,18.22551823816829
779,GRC:Ileia,37.737104573500034,21.553171089700736
780,GRC:Thessaloniki,40.67881576550005,23.09761571500615
781,FRA:Indre-et-Loire,47.22160836450007,0.6872837576887819
782,FRA:Indre,46.81105968000003,1.5342323303331706
783,FRA:Hautes-Alpes ,44.65682062100007,6.3507810339176345
784,ITA:Potenza,40.51637320950008,15.823083460794384
785,DEU:Rhein-Lahn-Kreis,50.241891200000055,7.815037184455656
786,ITA:Agrigento,37.41354091400007,13.557296961577574
787,FRA:Haute-Savoie,46.06960578850004,6.345360208228105
788,DEU:Nordfriesland,54.58553500550005,9.06901025570492
789,BEL:Arr. Tongeren,50.86298895050007,5.445975195585451
790,ITA:Cagliari,39.168908171000055,8.939602602907973
791,POL:Opolski,50.67214398750005,17.995878183972394
792,POL:Szczeciński,53.41825957700004,15.167429714948549
793,DEU:Odenwaldkreis,49.66239972000005,8.969512822148374
794,FRA:Guyane,3.9305679855000335,-53.03359181931886
795,TUR:Malatya,38.514507024500034,37.842148942070686
796,PRT:Região de Leiria,39.776148286500046,-8.84643023495499
797,PRT:Alto Minho,41.88252747750005,-8.522664413118001
798,TUR:Konya,38.017629070000055,32.40510062847539
799,ITA:Lucca,44.01547361950006,10.449051822755315
800,DEU:Sömmerda,51.16561597750007,11.193772887842195
801,ITA:Ragusa,36.91652596800006,14.64481407607477
802,TUR:Kütahya,39.33392184950003,29.60665850836226
803,ITA:Taranto,40.54842369550005,17.08044657695637
804,ESP:Ceuta,35.894265302000065,-5.3471902688858375
805,ESP:Soria,41.60141172000005,-2.72147948535578
806,FRA:Côte-d’Or,47.46704543400003,4.754669003201207
807,TUR:İzmir,38.60257991900005,27.019102699979527
808,ITA:Genova,44.44672064550005,9.05923181202211
809,ITA:Venezia,45.57750878050004,12.64215029608617
810,POL:Sosnowiecki,50.42188218400005,19.328570665598665
811,DEU:Ludwigslust-Parchim,53.45374243100008,11.477389500503024
812,ITA:Torino,45.15802351650004,7.5132979075593
813,CZE:Ústecký kraj,50.56715117950006,13.82271887264945
814,BGR:Yambol,42.31203479250007,26.563498193034302
815,BGR:Vidin,43.80333153350006,22.67952771079124
816,AUT:Klagenfurt-Villach,46.61191648950006,14.036482310634742
817,BEL:Arr. Charleroi,50.43993004600006,4.423809987819282
818,BEL:Arr. Leuven,50.87754681800007,4.839048088114484
819,HUN:Budapest,47.48061202800005,19.145847455515845
820,FRA:Landes,44.01004240700004,-0.6433824547395175
821,NLD:Oost-Groningen,53.05121979250006,7.02505197455575
822,TUR:Şanlıurfa,37.34491350650006,38.92375117229426
823,TUR:Ordu,40.739341097500045,37.54433180212186
824,GRC:Chalkidiki,40.293441505500056,23.404754889186368
825,GRC:Voreios Tomeas Athinon,38.04875557750006,23.850452121900663
826,FRA:Eure,49.07492452750006,0.9644681500595088
827,AUT:Wien,48.22084618800005,16.371766193239864
828,ITA:Campobasso,41.719138028500055,14.823781924272229
829,FRA:Haute-Garonne,43.30599127000005,0.9706884758850096
830,FRA:Loire-Atlantique,47.34856816150005,-1.8725765834592925
831,ITA:Rovigo,44.97598169400007,11.593357065333215
832,GRC:Thesprotia,39.54244173250007,20.3445469142893
833,"GRC:Peiraias, Nisoi",37.52646556000005,23.29685404955996
834,ITA:Pistoia,43.97328481950007,10.868344214460992
835,SRB:Jablanička oblast,42.91847096600003,21.92059134066529
836,POL:Tarnobrzeski,50.32443130750005,22.39820769925192
837,FRA:Alpes-de-Haute-Provence,44.16405730800005,6.184414003867025
838,CHE:Uri,46.76086845800006,8.632819670626912
839,CHE:St. Gallen,47.210980183500055,9.233847420673436
840,BEL:Arr. Turnhout,51.25649786050005,4.997574158301322
841,TUR:Elazığ,38.71483336900008,39.36042853510653
842,GRC:Florina,40.73200116550004,21.53952776850859
843,GRC:Pella,40.90402568700006,22.097132834879325
844,ESP:Fuerteventura,28.39850216350004,-14.004151813489475
845,ESP:Navarra,42.61276003500004,-1.830042410109936
846,FRA:Somme,49.970823802500064,2.376196605259884
847,ITA:Benevento,41.24737311750005,14.70429234521461
848,ESP:Tenerife,28.295099332000035,-16.620662869507697
849,ITA:Trapani,37.87426098650005,12.716850563706185
850,SRB:Toplička oblast,43.13660786150004,21.41002506305281
851,SRB:Borska oblast,44.30446993800004,22.23768519657179
852,SWE:Norrbottens län,67.05705490850005,20.03846073307752
853,SWE:Värmlands län,59.89089799900003,13.294833755496803
854,ITA:Mantova,45.17278792950003,10.668334458061445
855,ITA:Bologna,44.433228195000055,11.391715040692606
856,DEU:Eifelkreis Bitburg-Prüm,50.06696519050004,6.408795081079981
857,NLD:Groot-Rijnmond,51.85470422200007,4.353465176976336
858,NLD:Zuidoost-Friesland,52.97965170400005,6.1467121232163455
859,GRC:Kentrikos Tomeas Athinon,37.98842887150008,23.74197783317453
860,ITA:Firenze,43.84599171150006,11.374230815492274
861,POL:Skierniewicki,52.01298887550002,19.969214962099425
862,NLD:Overig Zeeland,51.57334462000006,3.70388893169037
863,NLD:Noord-Friesland,53.230255728500055,5.843871126521024
864,SRB:Kolubarska oblast,44.32754946000006,19.85715856101443
865,SRB:Južnobačka oblast,45.44904287600005,19.768245713256512
866,ITA:Caltanissetta,37.37481579550004,13.98080979008478
867,BEL:Arr. Maaseik,51.14950054100004,5.553159890571678
868,ITA:Belluno,46.28089724150007,12.079381613003804
869,BEL:Arr. Soignies,50.56101999000006,4.154460046974814
870,BEL:Arr. Veurne,51.03483403550007,2.662541106691934
871,ITA:Sud Sardegna,39.39079782750005,8.827991132238967
872,ITA:Biella,45.56598028900007,8.087414234018595
873,POL:Inowrocławski,52.891744843000055,18.027770549758
874,POL:Sandomiersko-jędrzejowski,50.63167652700005,20.28469543999733
875,NOR:Østfold,59.32478057800006,11.285318092879288
876,TUR:Aksaray,38.51453912850005,33.865252817715955
877,POL:Krośnieński,49.43740812450005,22.17586987294686
878,POL:Tarnowski,50.04128378400003,20.880747864591207
879,ESP:Gran Canaria,27.956567100000058,-15.60531161349521
880,ESP:Girona,42.07196881500008,2.843435312365196
881,GRC:Ioannina,39.82923337300005,20.83739276937836
882,GRC:Anatoliki Attiki,37.99403464650004,23.9303067515427
883,DEU:Mayen-Koblenz,50.31636914050006,7.257618903978337
884,FIN:Etelä-Savo,61.839440656500045,28.03312612653168
885,FIN:Etelä-Karjala,61.26495171600007,28.402949591501727
886,FRA:Meuse ,49.01274347300006,5.428955846830375
887,PRT:Península de Setúbal,38.62742009050004,-8.842292332787618
888,ROU:Vaslui,46.496854056000046,27.804474298355647
889,AUT:Linz-Wels,48.24221870050005,14.193408893771318
890,FRA:Charente-Maritime,45.73121393950004,-0.7174357625585605
891,CZE:Pardubický kraj,49.88868840200007,16.128506638031205
892,CZE:Hlavní město Praha,50.05891771250006,14.446672962295107
893,TUR:Kayseri,38.50786660300005,35.918578327776665
894,TUR:Kilis,36.84407692600004,37.01279777813086
895,TUR:Erzurum,40.07530149650006,41.49419700104504
896,FRA:Ain,46.06440930700006,5.284430237811634
897,CHE:Obwalden,46.87089521400006,8.200073931400855
898,CHE:Basel-Stadt,47.55920480700004,7.592444389607431
899,TUR:Van,38.53904649000003,43.58999443728138
900,ROU:Mehedinţi,44.60370086750007,23.05633973136934
901,DEU:Zwickau,50.73480608850005,12.465723311782956
902,PRT:Alentejo Central,38.58647716200005,-7.95934885910339
903,ITA:Prato,43.932031478000056,11.09424593405432
904,FRA:Gironde,44.87946829300006,-0.6089007173614861
905,ESP:Alicante/Alacant,38.36507480700004,-0.7481201181065553
906,ESP:Asturias,43.27191501000004,-5.851969998063956
907,TUR:Manisa,38.746886921000055,28.094421018837924
908,FRA:Drôme,44.730436274000056,5.204273151629712
909,POL:Warszawski zachodni,52.27309264750005,20.608886851308966
910,DEU:Aurich,53.51151500050005,7.355449326139057
911,ROU:Bacău,46.42269452650004,26.715235496553333
912,POL:Zielonogórski,51.87108279650005,15.4265892975613
913,NLD:Zuidoost-Noord-Brabant,51.41170467250007,5.49689378788534
914,NLD:Zeeuwsch-Vlaanderen,51.303354851500046,3.886236802491687
915,ROU:Sălaj,47.15754712600005,23.031067656246005
916,POL:Katowicki,50.24015131300007,18.983500272663644
917,POL:Rybnicki,50.07888345050006,18.38716240857519
918,NLD:Midden-Limburg,51.187370974500055,5.912182747276795
919,BGR:Shumen,43.30746213800006,27.020895153122115
920,FRA:Morbihan,47.82613526450004,-2.7150207223849963
921,FRA:Haut-Rhin,47.86755741950006,7.2321208491127535
922,AUT:Südburgenland,47.14417235500005,16.284048234136698
923,POL:Ełcki,53.91082967150004,22.130908500863896
924,FRA:Tarn,43.79205553950004,2.134091645657027
925,FRA:Territoire de Belfort,47.62944192100005,6.900742089643888
926,TUR:Sakarya,40.73166743600004,30.571821140998225
927,NLD:Noordoost-Noord-Brabant,51.66939926350005,5.533220344082045
928,NLD:Het Gooi en Vechtstreek,52.27871206350005,5.156351061265222
929,GRC:Korinthia,37.92242886400004,22.63038904734414
930,ITA:Terni,42.65281949650006,12.441080843132715
931,ROU:Satu Mare,47.72609250250005,22.752360252257148
932,POL:Oświęcimski,50.10348103050006,19.389591085079232
933,HUN:Pest,47.50113884850006,19.538465483913743
934,FRA:Orne,48.57968280300005,0.0423307961815314
935,BEL:Arr. Huy,50.49723999600005,5.341000949440907
936,SWE:Västerbottens län,64.87952934700007,18.0260600039014
937,SWE:Gotlands län,57.41849867500008,18.53638853763212
938,BEL:Arr. Eeklo,51.22441501450007,3.579917221240432
939,ESP:Salamanca,40.763790924000034,-6.022417740995879
940,CZE:Jihomoravský kraj,49.12878466500007,16.679890661758662
941,CZE:Středočeský kraj,50.060095487500064,13.830670995029024
942,BEL:Arr. Mechelen,51.08637899400006,4.637737940182832
943,POL:Ciechanowski,52.82576368550008,20.45784993187169
944,ITA:Pisa,43.47103716800004,10.679071665270204
945,TUR:Aydın,37.74112868900005,28.057137594768147
946,ALB:Gjirokastër,40.15333026900004,20.21601330914512
947,ALB:Fier,40.74957671000004,19.56734751954509
948,ROU:Bistriţa-Năsăud,47.17735980900005,24.54035056693245
949,TUR:Kars,40.51737471200005,43.04359731835511
950,ITA:Pavia,45.03720512750007,9.137104654421186
951,BEL:Arr. Ath,50.61256490600008,3.8018715661572697
952,ESP:La Gomera,28.11997249950005,-17.225570905211605
953,TUR:Rize,40.92342427150004,40.815440348662776
954,GRC:Rethymni,35.25899092000006,24.59746195782073
955,NLD:Twente,52.30546973750003,6.685473270133629
956,NLD:Zuidwest-Overijssel,52.346127273000064,6.206481580247728
957,ESP:Huesca,42.13716720950006,-0.0289571521186292
958,GRC:Lefkada,38.70473061050004,20.64114962999921
959,ESP:Cáceres,39.75894009750005,-6.137295340568468
960,TUR:Iğdır,39.884664311500046,43.97333805714647
961,FRA:Vaucluse,43.99496473150006,5.1828780651638535
962,BGR:Haskovo,41.76402405300004,25.92621004533837
963,BGR:Pernik,42.62861512650005,22.88216712136907
964,FRA:Haute-Vienne,45.919612613000055,1.203119567299219
965,POL:Miasto Warszawa,52.23302913900005,21.070581848751864
966,POL:Świecki,53.51643777800004,18.07780632532388
967,CHE:Zürich,47.42456764150003,8.651451168239692
968,TUR:Artvin,41.03585718250005,41.84689469513883
969,NLD:Zuidwest-Drenthe,52.77064652100003,6.3336566929960245
970,NLD:Zuid-Limburg,50.91231905850006,5.905241331830132
971,TUR:Zonguldak,41.29891349400006,31.8293896939812
972,SRB:Raška oblast,43.35626488200003,20.64437520401668
973,ESP:A Coruña,43.15384420700005,-8.579850103766056
974,SWE:Dalarnas län,61.06015762300007,14.213384220270788
975,SWE:Södermanlands län,59.06841945900007,16.507199595404842
976,"GRC:Grevena, Kozani",40.27027324350007,21.6236354231544
977,POL:Radomski,51.43588189700006,21.169241338211293
978,BGR:Targovishte,43.25349245250007,26.415154223756367
979,BGR:Vratsa,43.40177540150006,23.716178075861684
980,HRV:Dubrovačko-neretvanska županija,42.94236474400006,16.90739482457226
981,HRV:Požeško-slavonska županija,45.38090887750005,17.765386831871375
982,ITA:Frosinone,41.629004698000045,13.576826460654974
983,ITA:L’Aquila,42.13725304400006,13.613494354224752
984,FIN:Kanta-Häme,60.93869422950005,24.15512537325149
985,FIN:Pohjanmaa,62.90832173250007,21.81275394511649
986,PRT:Área Metropolitana do Porto,41.11593670800005,-8.524942835517031
987,POL:Przemyski,49.99108274800005,22.737363046545703
988,ITA:Vicenza,45.636589969000056,11.407071295003608
989,ALB:Kukës,42.18986161450008,20.377267910396107
990,ALB:Elbasan,41.05036578100004,20.13961872199255
991,POL:Legnicko-głogowski,51.45166958800007,16.139218075122386
992,ESP:Badajoz,38.69706508000005,-6.220354224100653
993,FRA:Val-d’Oise,49.07508224150004,2.2086726458607258
994,FRA:Seine-Maritime,49.66251111550005,0.9396547603528372
995,FRA:Hérault,43.59225228500006,3.388448445160513
996,FRA:Ariège,42.94438543550004,1.4069567138896055
997,POL:Miasto Szczecin,53.43106370150005,14.59309720650167
998,SRB:Pomoravska oblast,44.02213228100004,21.44147302478553
999,ITA:Latina,41.45980549400005,13.012458566742575
1000,BEL:Arr. Diksmuide,51.02446486800005,2.916869832102325
1001,TUR:Tekirdağ,41.07664339050004,27.38981325442136
1002,ALB:Shkodër,42.24948537800006,19.59558375853628
1003,ITA:Arezzo,43.51942506200004,11.763018441787152
1004,CHE:Luzern,47.03107259250004,8.190727606063742
1005,CHE:Graubünden / Grigioni / Grischun,46.61745478450004,9.564102828874317
1006,ESP:La Palma,28.65871169400004,-17.85907895562592
1007,GRC:Aitoloakarnania,38.73528609950003,21.23410661798772
1008,GRC:Pieria,40.24527115100005,22.38108188756472
1009,AUT:Pinzgau-Pongau,47.35017456250006,13.04227039754434
1010,ROU:Covasna,45.89631350100004,26.008710821767483
1011,TUR:Tunceli,39.18909712000004,39.350182030531485
1012,NLD:Zuidwest-Friesland,52.95985081950005,5.545051297553812
1013,BEL:Arr. Dinant,50.10193493650005,4.963638377200567
1014,BEL:Arr. Dendermonde,51.04883870400008,4.0104945820510425
1015,FRA:Haute-Loire,45.08514605100004,3.833450695959717
1016,DEU:Tuttlingen,48.01547644850007,8.82149771613241
1017,TUR:Bursa,40.10491067600003,28.937182814896364
1018,AUT:Rheintal-Bodenseegebiet,47.37216050850006,9.7506690070139
1019,TUR:Bilecik,40.11008552700005,30.128201171067104
1020,NOR:Telemark,59.48018529800004,8.57890081450255
1021,NOR:Oslo,59.96758945900007,10.778388625124345
1022,FRA:Allier,46.36798604550006,3.163438775697561
1023,DNK:Vestjylland,56.28795755000005,8.69189899031787
1024,TUR:Kırşehir,39.30736108000005,34.04367324525471
1025,FRA:Sarthe,48.027206803500064,0.25360694842725
1026,BEL:Arr. Arlon,49.69875382250004,5.782814384471068
1027,BEL:Arr. La Louvière,50.42716787850003,4.162321780565562
1028,ROU:Timiş,45.69458915350006,21.633238795849586
1029,ROU:Călăraşi,44.31466962950003,27.138301405520643
1030,POL:Łódzki,51.770287156500046,19.816072925653927
1031,SRB:Mačvanska oblast,44.52142870350005,19.50611296320887
1032,GRC:Evrytania,38.96644409100006,21.678083124187808
1033,FRA:Finistère,48.24575017200007,-3.826229888781788
1034,FRA:Vendée,46.67502555100006,-1.2902247164034095
1035,ITA:La Spezia,44.23689833200007,9.69093076701474
1036,GRC:Voiotia,38.36207084550006,23.144123980373887
1037,GRC:Serres,41.08276935250007,23.61925077727448
1038,ITA:Fermo,43.08947869200006,13.639350595225444
1039,"GRC:Ithaki, Kefallinia",38.26639618750005,20.537479654074005
1040,SRB:Podunavska oblast,44.46487775950007,21.001892477195668
1041,SRB:Južnobanatska oblast,44.99557222800007,20.93749001883204
1042,ESP:Córdoba,37.95618422350003,-4.847113605074618
1043,ESP:Cantabria,43.13570550750006,-4.264261444415774
1044,BEL:Arr. Oudenaarde,50.83765841650006,3.641252589725237
1045,HUN:Hajdú-Bihar,47.45442029950004,21.511138074883903
1046,BGR:Gabrovo,42.95852011550005,25.21255452507349
1047,BGR:Kyustendil,42.33754350950005,22.88865327788433
1048,BGR:Veliko Tarnovo,43.21600244300004,25.611115627618705
1049,ROU:Ilfov,44.50242185800005,26.246767656392585
1050,BEL:Arr. Sint-Niklaas,51.21283649850005,4.14427732090644
1051,BEL:Arr. Gent,51.05964941900007,3.643291585715436
1052,TUR:Karaman,36.997192529000046,33.190713338289726
1053,ESP:Melilla,35.29265108100003,-2.951647995916824
1054,AUT:Liezen,47.50989460550005,14.214636914138978
1055,PRT:Tâmega e Sousa,41.22557280400005,-8.093109525767236
1056,ESP:Gipuzkoa,43.143589420500064,-2.205139585800379
1057,ESP:Lugo,43.04075275650007,-7.447991749594156
1058,SWE:Uppsala län,60.01678588100006,17.581345051856584
1059,CHE:Thurgau,47.53904778350005,9.164411025559906
1060,ESP:El Hierro,27.738190833500056,-18.039480671423505
1061,POL:Poznański,52.40821960400007,16.614177678373792
1062,ROU:Gorj,44.96130764100005,23.324014759850275
1063,ROU:Argeş,44.99310253000007,24.848158942504725
1064,ESP:Valladolid,41.70412361100006,-4.697091012250786
1065,NLD:Zuidoost-Zuid-Holland,51.83437713550006,4.793692753665643
1066,NLD:Veluwe,52.22953166700006,5.771537795666957
1067,EST:Kirde-Eesti,59.12801388000005,27.32790501799407
1068,EST:Kesk-Eesti,59.12002183750008,26.13147375136424
1069,ROU:Harghita,46.64248455300003,25.62063802434374
1070,FRA:Ille-et-Vilaine,48.16758754700004,-1.6512064419196524
1071,AUT:Innsbruck,47.20737813900004,11.384002549031983
1072,AUT:Nordburgenland,47.875610349000056,16.724883725248738
1073,ROU:Maramureş,47.66958288050006,24.1949995194325
1074,ITA:Enna,37.586075980500055,14.489818742710884
1075,ROU:Botoşani,47.848884846500056,26.758226516698684
1076,ESP:Murcia,38.06419952400006,-1.6719232640515669
1077,ESP:Granada,37.38960480700007,-3.2393785030417845
1078,HRV:Koprivničko-križevačka županija,46.11767199700006,16.779268719914324
1079,HRV:Primorsko-goranska županija,45.35135346150005,14.762841427275182
1080,FRA:Essonne,48.531401379000044,2.2399008638440607
1081,AUT:Mühlviertel,48.46349099800005,14.602505837013222
1082,BGR:Sliven,42.64087256250005,26.26389310135481
1083,SWE:Kalmar län,57.22037320250007,16.00290675525958
1084,SWE:Jönköpings län,57.53147493000006,14.641251363052794
1085,HRV:Istarska županija,45.14481422050005,13.914199576958833
1086,HRV:Šibensko-kninska županija,43.85304846500006,16.015242730068465
1087,POL:Siedlecki,52.15680487900005,22.44722620519325
1088,ROU:Olt,44.29313145400005,24.46627295450947
1089,ROU:Neamţ,46.99143010750007,26.51477361795638
1090,TUR:Bartın,41.57755364700004,32.490921751088145
1091,ROU:Dâmboviţa,44.926280303000055,25.481864890544884
1092,SWE:Skåne län,55.93461373700006,13.553335589037111
1093,SWE:Blekinge län,56.24748658850004,15.230093264404251
1094,PRT:Região Autónoma da Madeira,32.75256473300004,-16.982496284832198
1095,PRT:Cávado,41.61753337850004,-8.548314768214478
1096,PRT:Região de Coimbra,40.219052947500046,-8.338609497596664
1097,NLD:Groot-Amsterdam,52.41135207150006,4.903020924915859
1098,NLD:Zuidwest-Gelderland,51.85980757650006,5.3203283759519735
1099,ROU:Vâlcea,45.04153772000004,24.15419014488961
1100,ESP:Zamora,41.686580826500034,-5.9425946080037
1101,AUT:Sankt Pölten,48.13925818350006,15.747623510942514
1102,BEL:Arr. Tielt,50.992939258000064,3.304791191801649
1103,PRT:Ave,41.50169215950007,-8.143209253150765
1104,PRT:Grande Lisboa,38.86999667000004,-9.243267508995224
1105,DNK:Nordjylland,56.81308119550005,9.727310642651208
1106,CHE:Schwyz,47.054180884500056,8.702141603743176
1107,HRV:Varaždinska županija,46.20895230800005,16.44437952990273
1108,HRV:Ličko-senjska županija,44.69715355900004,15.426598678990167
1109,FIN:Åland,60.24211368300004,20.1192221836952
1110,FIN:Päijät-Häme,61.23880960700004,25.816084724723936
1111,POL:Grudziądzki,53.26764658600004,19.00393986791484
1112,ITA:Novara,45.58380834050004,8.545387721853285
1113,GRC:Drama,41.27148458650004,24.153843000831536
1114,NLD:Agglomeratie Leiden en Bollenstreek,52.20489344300006,4.55620707952941
1115,AUT:Oststeiermark,47.11578874350005,15.879012631124128
1116,DNK:Fyn,55.32558646000004,10.347032009384144
1117,DNK:Københavns omegn,55.702421001500056,12.39919331582859
1118,ESP:Toledo,39.78830737850007,-4.102631052231721
1119,PRT:Alto Alentejo,39.205892850000055,-7.721259779674546
1120,PRT:Beira Baixa,39.93112062100005,-7.510502382166805
1121,PRT:Alto Tâmega e Barroso,41.65978564100007,-7.612162025963849
1122,PRT:Médio Tejo,39.53483052800004,-8.333065667277728
1123,BEL:Arr. Namur,50.45467587200005,4.898446504883934
1124,CHE:Neuchâtel,47.01124996950006,6.837770235359288
1125,POL:Piotrkowski,51.307654576500056,19.626719088989525
1126,CHE:Genève,46.22274185800004,6.147518458671972
1127,CHE:Vaud,46.56157385700004,6.517403993174155
1128,ESP:Cádiz,36.53225553000004,-5.920571285172713
1129,HRV:Međimurska županija,46.423926147500055,16.482520381859445
1130,HRV:Virovitičko-podravska županija,45.73400970200004,17.645222830516424
1131,HRV:Osječko-baranjska županija,45.56270253150007,18.460608983605702
1132,BGR:Stara Zagora,42.41251861000006,25.549933221008576
1133,IRL:Midland,53.36121160950003,-7.502017012011173
1134,IRL:Border,54.574702571000046,-8.00257824377769
1135,BGR:Sofia,42.64196716950005,23.97214912426876
1136,NLD:Noord-Limburg,51.51118640550004,6.031660319535559
1137,POL:Bialski,51.775482415000056,23.011843812636307
1138,NLD:Alkmaar en omgeving,52.638660953000056,4.749938785135933
1139,SRB:Rasinska oblast,43.50064569650005,21.17822771668116
1140,NLD:Agglomeratie Haarlem,52.376715764500034,4.60099351242313
1141,CHE:Schaffhausen,47.72588567850005,8.585527967426824
1142,HUN:Csongrád-Csanád,46.46290401450005,20.25184691850125
1143,HUN:Nógrád,47.97105784750005,19.470871972776592
1144,SRB:City of Belgrade,44.680620244500034,20.38117928622452
1145,CZE:Plzeňský kraj,49.51852395700007,13.205135315959687
1146,CZE:Jihočeský kraj,49.08754103850004,14.600110735182517
1147,SWE:Västernorrlands län,63.078877385000055,17.64340036697802
1148,POL:Miasto Poznań,52.40067353950005,16.919810638617825
1149,MKD:Skopski,41.975394903500046,21.46348149973455
1150,CZE:Zlínský kraj,49.19897370600006,17.64719705605131
1151,AUT:Salzburg und Umgebung,47.74952606800005,13.187057430595278
1152,CZE:Liberecký kraj,50.746353279500056,14.990758839017436
1153,NOR:Vestland,60.89700708150005,6.181263504780105
1154,BGR:Varna,43.21490951800007,27.61869047506157
1155,NLD:Zaanstreek,52.47945906800007,4.801185202392156
1156,NLD:Flevoland,52.54748382700004,5.466944376238102
1157,DNK:Østsjælland,55.57477594750006,12.075557106360662
1158,DNK:Bornholm,55.14683250100006,14.909523419283762
1159,NLD:IJmond,52.502377712000055,4.664510849704898
1160,GRC:Lasithi,35.16881056950007,26.084790571840426
1161,BGR:Pazardzhik,42.14960079600005,24.15421188427824
1162,HUN:Jász-Nagykun-Szolnok,47.21758046150004,20.52092444945378
1163,ROU:Vrancea,45.788425947000064,26.881292822918866
1164,ROU:Bihor,46.99181636850005,22.192091448998788
1165,FRA:Yvelines ,48.76243314100006,1.8917292741527336
1166,ALB:Vlorë,40.16064830550005,19.74695351837361
1167,ALB:Korcë,40.58697934800006,20.73648423165385
1168,NLD:Noord-Drenthe,52.97003184100007,6.619466031029903
1169,BEL:Arr. de Bruxelles-Capitale/Arr. Brussel-Hoofdstad,50.84093661800006,4.374588705166637
1170,CHE:Valais / Wallis,46.25618418400006,7.624394043001108
1171,ESP:Sevilla,37.52041492950005,-5.653307476865858
1172,SWE:Västmanlands län,59.69628309000007,16.18355664938695
1173,CHE:Aargau,47.377993927000034,8.212991556109365
1174,HUN:Borsod-Abaúj-Zemplén,48.11404432350005,20.95085141031961
1175,HUN:Heves,47.78870144950005,20.081100544155568
1176,ROU:Hunedoara,45.79652688200005,22.943757878664265
1177,SVN:Savinjska,46.23946149900004,15.338949634738928
1178,SVN:Podravska,46.48117709550005,15.745790285016891
1179,TUR:Afyonkarahisar,38.52497008000006,30.61579311126034
1180,GRC:Irakleio,35.174622486500056,25.14290054732418
1181,"GRC:Andros, Thira, Kea - Kythnos, Milos, Mykonos, Naxos, Paros,  Syros, Tinos",37.05801793650005,25.47185723600995
1182,ESP:Málaga,36.79629998300004,-4.5467261235657
1183,ESP:Teruel,40.59881203300006,-0.9214764144525668
1184,HRV:Splitsko-dalmatinska županija,43.52958945450007,16.785369235302284
1185,PRT:Beiras e Serra da Estrela,40.50723466800005,-7.29510055215121
1186,BGR:Pleven,43.481700665000034,24.604781445886093
1187,FIN:Pohjois-Pohjanmaa,64.95836942750006,26.43385326194771
1188,FIN:Keski-Pohjanmaa,63.606040871500056,24.137945957195264
1189,NLD:Agglomeratie ’s-Gravenhage,52.07875769150007,4.381968460851562
1190,SRB:Pirotska oblast,43.13121899100005,22.634927472253864
1191,POL:Tyski,50.06307947650004,18.95938335521777
1192,NOR:Agder,58.82011227800007,7.871552863903737
1193,NOR:Troms/Romsa/Tromssa,69.29028284700007,20.58212926131984
1194,TUR:Adana,37.47273373500005,35.370823989541165
1195,BGR:Blagoevgrad,41.753672931500034,23.4848236758599
1196,ALB:Tiranë,41.25648987500006,19.81206847632228
1197,FIN:Pirkanmaa,61.71804366700008,23.714113396965647
1198,ESP:Jaén,37.95618422350003,-3.493297130930164
1199,FIN:Varsinais-Suomi,60.59540508550006,22.870983292310434
1200,NLD:Kop van Noord-Holland,52.78038034800005,5.010189178734295
1201,MKD:Pelagoniski,41.22718249950006,21.45000042937001
1202,MKD:Istočen,41.83651134900006,22.52346685379225
1203,HRV:Zagrebačka županija,45.76828543550005,15.59240990206466
1204,HRV:Karlovačka županija,45.32191132500006,15.488784700203
1205,NOR:Innlandet,61.26798015900005,10.484641553845917
1206,PRT:Algarve,37.24464933200005,-8.15047934023287
1207,BEL:Arr. Philippeville,50.13267300950005,4.575663849654072
1208,PRT:Viseu Dão Lafões,40.67785229800003,-7.9237911618730354
1209,HRV:Vukovarsko-srijemska županija,45.16696338950007,18.85541715441968
1210,HRV:Bjelovarsko-bilogorska županija,45.77794104550006,16.897689881504824
1211,FIN:Kainuu,64.59135424650006,28.683354067113648
1212,NLD:Utrecht,52.07988179850005,5.144115809650403
1213,NLD:West-Noord-Brabant,51.56135432200003,4.549330497609995
1214,FIN:Pohjois-Savo,63.01895116500003,27.618912081078136
1215,HUN:Fejér,47.13068815450006,18.550091856055545
1216,"GRC:Ikaria, Samos",37.721822094500055,26.82029405091275
1217,HRV:Grad Zagreb,45.79100527350005,15.982206387997376
1218,GRC:Rodopi,41.09826842150005,25.47527454004745
1219,BEL:Arr. Liège,50.605081722500046,5.544518579637729
1220,SWE:Jämtlands län,63.34650765950008,14.124129416948788
1221,SWE:Hallands län,56.95985606350004,13.022153357131533
1222,NLD:Achterhoek,52.03699679400003,6.449501213346977
1223,SRB:Nišavska oblast,43.43310619050004,21.95914895505253
1224,CZE:Olomoucký kraj,49.85909961900006,16.955661438782244
1225,ESP:Cuenca,39.93968445450005,-2.152446896860164
1226,BGR:Smolyan,41.62586360700004,24.593637841205044
1227,SVN:Goriška,46.10162065200007,13.806819146894073
1228,SVN:Osrednjeslovenska,46.04823593750004,14.49318138074342
1229,ALB:Dibër,41.61291285650003,20.188493801668148
1230,ROU:Giurgiu,44.11996355450006,26.042949360179065
1231,PRT:Terras de Trás-os-Montes,41.594074536500045,-6.729605456433463
1232,HUN:Győr-Moson-Sopron,47.64735639400007,17.186864830562822
1233,BEL:Arr. Antwerpen,51.27532187600005,4.544907427897149
1234,PRT:Lezíria do Tejo,39.107116399000034,-8.631275396840447
1235,EST:Lääne-Eesti,58.55425410850006,24.37952088333217
1236,HUN:Zala,46.669849745500045,16.822240079092783
1237,NLD:Oost-Zuid-Holland,52.05736420050005,4.728793572646924
1238,NLD:Delfzijl en omgeving,53.32936561900007,6.770623204417004
1239,BEL:Arr. Tournai-Mouscron,50.62858161300005,3.407830755974764
1240,PRT:Região de Aveiro,40.68725249650004,-8.485431364808363
1241,"GRC:Lakonia, Messinia",36.93577970650006,22.57877608162375
1242,GRC:Kastoria,40.45002838050005,21.149821844741588
1243,NOR:Akershus,60.03766222100003,11.318929557158755
1244,NOR:Trøndelag/Trööndelage,63.69727041450005,11.686496546616398
1245,ESP:Bizkaia,43.23917273750004,-2.8511295597341766
1246,SRB:Braničevska oblast,44.45408255450005,21.54842149321736
1247,SRB:Zapadnobačka oblast ,45.73107028000004,19.231039583510807
1248,ESP:Castellón/Castelló,40.25283130850005,-0.0602019030153027
1249,CZE:Moravskoslezský kraj,49.859990643500055,18.038896828705965
1250,CZE:Karlovarský kraj,50.17489535400006,12.804716582956528
1251,ROU:Arad,46.28990826650005,21.892663377202656
1252,IRL:Dublin,53.40686760400007,-6.286394672208431
1253,SRB:Sremska oblast,44.91861522700006,19.97113216648121
1254,ROU:Bucureşti,44.436768659500046,26.08602218847281
1255,NOR:Rogaland,59.05957659800006,6.356902968341734
1256,BGR:Kardzhali,41.56845577600004,25.39535063932005
1257,CHE:Jura,47.32780495500003,7.288912561032435
1258,MKD:Vardarski,41.56133425050004,21.837739928334763
1259,SVN:Jugovzhodna Slovenija,45.722999740000034,14.902598367475704
1260,SVN:Koroška,46.52308886950004,15.077209979572238
1261,MKD:Pološki,41.84886923950006,20.87844674193032
1262,SVN:Posavska,45.94288075750006,15.52476235853248
1263,EST:Lõuna-Eesti,58.29037813350007,26.33015042855096
1264,EST:Põhja-Eesti,59.33094752550005,25.013026023257204
1265,HRV:Zadarska županija,44.17849571350004,15.34070551150159
1266,HRV:Sisačko-moslavačka županija,45.33373288800004,16.490558900297295
1267,ALB:Berat,40.61872477900005,20.100750498761634
1268,SWE:Kronobergs län,56.79765867500007,14.405021072965647
1269,ALB:Lezhë,41.78784274450004,19.88421268635831
1270,PRT:Baixo Alentejo,37.825368692500064,-7.856928219196557
1271,FIN:Pohjois-Karjala,62.80081028650005,30.212480936760343
1272,SRB:Moravička oblast,43.77299323650007,20.328929936364915
1273,FIN:Etelä-Pohjanmaa,62.73056890750004,23.11695908362705
1274,FIN:Helsinki-Uusimaa,60.32572226450006,24.6291006039011
1275,FIN:Lappi,67.83694432850004,26.548671743902187
1276,BEL:Arr. Nivelles,50.666905427000046,4.5474825867012765
1277,NLD:Noord-Overijssel,52.64055458050007,6.189417231960638
1278,MKD:Severoistočen,42.16658144150006,22.00313313864752
1279,AUT:Osttirol,46.90377295250005,12.512428612229822
1280,NOR:Buskerud,60.25017970650006,8.963737045526216
1281,BEL:Arr. Halle-Vilvoorde,50.86493724250005,4.173255505120322
1282,FIN:Keski-Suomi,62.61097567500005,25.58697242762764
1283,NOR:Svalbard,79.85629208200004,22.7452938887265
1284,DNK:Nordsjælland,55.91184098450006,12.28540835984596
1285,SRB:Zaječarska oblast,43.75616061650004,22.03800562944905
1286,HUN:Bács-Kiskun,46.52062171900008,19.34450441484553
1287,SWE:Gävleborgs län,61.27172005400004,16.359650990594147
1288,CHE:Ticino,46.22631159650004,8.790071057858132
1289,IRL:Mid-West ,52.68601221100005,-8.170307615775435
1290,FIN:Kymenlaakso,60.85994770000008,26.93957721763092
1291,SVN:Obalno-kraška,45.64529095250006,13.990566846382745
1292,FIN:Satakunta,61.58854775600005,22.15189938808085
1293,ALB:Durrës,41.41982610950004,19.53333233785355
1294,SVN:Primorsko-notranjska,45.683019656000056,14.316614200401562
1295,DNK:Østjylland,56.18565656850007,9.804455629496822
1296,NOR:Nordland/Nordlánnda,66.77249459650005,14.695541420373887
1297,SVN:Pomurska,46.67270590300007,16.231247483882587
1298,IRL:Mid-East,53.39841186700005,-6.793001109124958
1299,NOR:Vestfold,59.31782725300005,10.146506114500797
1300,SVN:Zasavska,46.08471054100005,14.911172280725305
1301,MKD:Jugozapaden,41.37368980900007,20.82785003370645
1302,DNK:Sydjylland,55.38103284350004,9.130886497549142
1303,IRL:West,53.65446329150007,-8.96692497317541
1304,MKD:Jugoistočen,41.449222832500055,22.65676999469024
1305,IRL:South-West ,52.02199177500006,-9.05389923754836
1306,IRL:South-East ,52.42836969500004,-6.862479182139347
1307,MNE:Crna Gora,42.69920231000003,19.2958816690793
1308,PNG:Central,-9.070971999999928,147.35032764661844
1309,PNG:National Capital District,-9.44825999999992,147.21705771176062
1310,SAU:Al Hudud ash Shamaliyah,30.042879900500083,42.684924098801
1311,THA:Roi Et,15.937200922000072,103.75934606273744
1312,THA:Chiang Rai,19.73052700000008,99.88474752899332
1313,MRT:Tiris Zemmour,24.33958530550009,-9.247025896069063
1314,UGA:Yumbe,3.492352485500078,31.284646217456743
1315,UGA:Masaka,-0.3222225024999261,31.790906404392164
1316,THA:Phayao,19.26854586750008,100.1560802842435
1317,THA:Khon Kaen,16.359140396500095,102.67912579021736
1318,PHL:Sultan Kudarat,6.498470068500126,124.3239117531662
1319,PHL:Batanes,20.762064934500103,121.84593511216866
1320,MWI:Kasungu,-12.97560358049992,33.48387575036436
1321,MWI:Phalombe,-15.68190956099994,35.66270429058582
1322,SLV:Cuscatlán,13.845167161000091,-89.05174749246612
1323,SLV:Santa Ana,14.111393929000087,-89.5638270569221
1324,GBR:BMU.1_1,,
1325,GBR:BMU.10_1,,
1326,GBR:VGB.4_1,,
1327,GBR:JEY.5_1,,
1328,UGA:Tororo,0.8109229800001003,34.00361684685813
1329,UGA:Kampala,0.3172239959999956,32.5898404352158
1330,MDA:Floreşti,47.90570640650012,28.36795598751592
1331,MDA:Făleşti,47.57199478150011,27.69213595094807
1332,KEN:Trans Nzoia,1.0473578580000549,34.98364916581892
1333,KEN:Taita Taveta,-3.40893423549997,38.37103283006413
1334,JPN:Tokyo,35.69759550000009,139.4602467634333
1335,JPN:Hyōgo,35.15180397050011,134.85198658254035
1336,MEX:Tlaxcala,19.41695294600015,-98.10974763384414
1337,MEX:Durango,24.594182241500107,-104.58679996425072
1338,IDN:Riau,0.7116286160001266,101.57812953924116
1339,IDN:Kalimantan Selatan,-2.747977136499884,115.51606727882364
1340,CIV:Sassandra-Marahoué,7.027225972000082,-6.268627866539871
1341,CIV:Abidjan,5.428117037000078,-4.041616460032296
1342,ARG:Formosa,-24.66732501949992,-60.09553701567282
1343,ARG:Entre Ríos,-32.10252161849996,-59.4215982905768
1344,MWI:Nsanje,-16.71860408699993,35.10085200398507
1345,MWI:Nkhata Bay,-11.596103190999967,34.21292926594866
1346,PER:Tacna,-17.560326575499886,-70.20921905699808
1347,PER:Lima Province,-12.046663760999934,-76.88202312991874
1348,KHM:Stœng Trêng,13.853290790000074,106.08897801517634
1349,KHM:Phnom Penh,11.579928162500124,104.83863993198976
1350,SOM:Galguduud,4.985000610500094,46.89710701366943
1351,SOM:Sool,9.06500148750007,47.59130729725083
1352,THA:Uttaradit,17.771154403500134,100.46203722053735
1353,THA:Phetchabun,16.224948883000053,101.03656684274844
1354,THA:Saraburi,14.643711091500109,100.90124911804772
1355,THA:Phangnga,8.739158500000144,98.41879319655618
1356,ARG:Tucumán,-27.03806304899996,-65.36880136940502
1357,ARG:Salta,-24.198691368499937,-63.25127337673167
1358,GBR:GGY.4_1,,
1359,GBR:BMU.6_1,,
1360,GBR:JEY.2_1,,
1361,RUS:Murmansk,68.00416550000017,34.56071829014106
1362,RUS:Karelia,63.65073585550016,33.32177520309229
1363,PHL:Davao del Sur,6.561580181000039,125.3471092365807
1364,PHL:Cagayan,18.06828021900003,121.81454504500157
1365,DOM:Valverde,19.58565330550008,-71.0222000332495
1366,DOM:Monseñor Nouel,18.919263839500104,-70.41066411762914
1367,MDA:Bender,46.84095764200015,29.45413112600013
1368,MDA:Drochia,48.0277576445001,27.866454777509496
1369,PHL:Rizal,14.591449737500083,121.2842271138831
1370,PHL:Bukidnon,7.997434855500131,124.971339836899
1371,GBR:JEY.10_1,,
1372,GBR:IMN.18_2,,
1373,PER:Ayacucho,-13.898014545499905,-74.23206641878694
1374,PER:Lima,-11.796395301999894,-76.48655379595286
1375,TCD:Ennedi Ouest,18.5151977540001,21.398975275938447
1376,TCD:Ville de N'Djamena,12.113376618000132,15.068455416369076
1377,GHA:Western,5.444612173000138,-2.1130690158276533
1378,GHA:Oti,7.932099845500119,0.2425287769781035
1379,IND:Kerala,10.544170500000009,76.44695037358483
1380,IND:Himachal Pradesh,31.821175576000087,77.33361260450548
1381,RUS:Sakha,64.75176620550013,129.3038770083706
1382,RUS:Novgorod,58.14473152100007,31.861921362239443
1383,BFA:Haut-Bassins,11.387419701500136,-4.032054513253951
1384,BFA:Centre-Nord,13.23870992700006,-1.034983159229378
1385,JPN:Okayama,34.889694000000105,133.78873339057753
1386,JPN:Hiroshima,34.58424751000004,132.7735579566045
1387,MNG:Dornogovi,44.51243972800015,109.57477022194414
1388,MNG:Hentiy,47.72721484300016,110.37971401621496
1389,MNG:Darhan-Uul,49.45077323950008,106.34861982960724
1390,MNG:Bayan-Ölgiy,48.27445030250013,89.69828671463546
1391,RUS:Stavropol',44.93187713600014,43.68871861147292
1392,RUS:Pskov,57.29951286350007,29.2197890739765
1393,UGA:Pallisa,1.1427750000000856,33.8678622938655
1394,UGA:Iganga,0.7684510055000828,33.52518914008256
1395,THA:Phuket,7.978985548500162,98.33548543850011
1396,THA:Phatthalung,7.491511107000065,100.0516748895478
1397,PHL:Negros Occidental,10.211664676500078,122.99764367559746
1398,PHL:Compostela Valley,7.53600001300012,126.07995568856605
1399,KEN:Mandera,3.221396685500053,40.710789465096525
1400,KEN:Kiambu,-1.0302411309998547,36.84311477991298
1401,GBR:GGY.15_1,,
1402,GBR:BMU.11_1,,
1403,NIC:Granada,12.127784185500076,-85.92426596785646
1404,NIC:Chinandega,12.877844500000036,-87.16033518012613
1405,UGA:Jinja,0.5560345055000937,33.22479247162744
1406,JPN:Nagano,36.10910987800008,138.10275672599982
1407,JPN:Miyazaki,32.09704399200004,131.1922702085987
1408,PHL:Sorsogon,12.825419903000125,124.00339889500016
1409,PHL:Ifugao,16.837994575000067,121.18288138867727
1410,LBY:Misratah,31.4144773485001,14.525814555707932
1411,PHL:Negros Oriental,9.725629806500052,122.99789306338783
1412,PHL:Laguna,14.26975965600002,121.33581370941474
1413,RUS:North Ossetia,43.158071518500094,44.44040401545643
1414,RUS:Khanty-Mansiy,62.13010215750009,71.97749463526858
1415,GBR:GGY.11_1,,
1416,GBR:BMU.9_1,,
1417,DZA:Biskra,34.32180404600007,4.720102814735832
1418,DZA:Saïda,34.74386024500012,0.2434946498983942
1419,MNG:Dundgovi,45.488321304500175,106.06558479540206
1420,MNG:Töv,47.760589501000055,105.61434547689724
1421,MMR:Magway,20.76331996950012,94.57889990508129
1422,MMR:Rakhine,19.4214525000001,94.25461488273352
1423,VNM:Ninh Thuận,11.736336902500057,108.95913620213908
1424,VNM:Hậu Giang,9.7876596455001,105.63858981519496
1425,IND:Daman and Diu,20.717639923500087,70.94340706533613
1426,IND:Andaman and Nicobar,12.611581000000058,92.83169614372066
1427,AFG:Sari Pul,35.729742050500136,66.1118510951467
1428,AFG:Badghis,35.25792694100011,63.628307804977126
1429,CPV:Tarrafal,15.267221927500144,-23.722084045499912
1430,CPV:Sal,16.720555500000046,-22.93875049999994
1431,LAO:Khammouan,17.587269783000067,105.24345760023571
1432,LAO:Xaignabouri,18.69024562900012,101.54496456115972
1433,COL:Norte de Santander,8.082081795500045,-72.86270334502157
1434,COL:Magdalena,10.129546642000122,-74.50239186687185
1435,VNM:Tuyên Quang,22.09753227250013,105.16919671182352
1436,VNM:Quảng Bình,17.51715850800008,106.2834987522086
1437,NGA:Borno,11.870900630500133,13.4548746993627
1438,NGA:Sokoto,12.71346092250016,5.265596559825266
1439,THA:Buri Ram,14.961830616000128,103.065677419077
1440,UGA:Masindi,1.8490520120000724,31.850024248133423
1441,UGA:Kabarole,0.62386149200006,30.2649183812419
1442,THA:Ubon Ratchathani,15.152840138000071,105.10493941814605
1443,MEX:Campeche,19.330707893000067,-89.94324953870753
1444,MEX:Guanajuato,20.877141021000146,-101.25735677395858
1445,GBR:CYM.7_1,,
1446,PHL:Mountain Province,17.065249443000113,121.0617914800627
1447,PHL:Marinduque,13.384630203000086,121.98262709359392
1448,KEN:West Pokot,1.8185141085000964,35.23661154593272
1449,KEN:Nakuru,-0.4542831624999053,36.10047393926504
1450,GBR:JEY.3_1,,
1451,GBR:IMN.13_2,,
1452,RUS:Sakhalin,50.15931145250008,143.02655455133623
1453,RUS:Kaliningrad,54.80337350000002,21.42266615190446
1454,CPV:São Vicente,16.84944450000009,-24.97249899999992
1455,CPV:Santa Cruz,15.113056182000122,-23.5474232227886
1456,RUS:Penza,53.14325714149999,44.77931373828896
1457,RUS:Orenburg,52.44976234500018,53.5444305055742
1458,CAN:Nunavut,66.00104150000001,-100.26361792486496
1459,CAN:Québec,53.88904600000009,-73.2889373751029
1460,VNM:Bến Tre,10.060877323500137,106.51820837164296
1461,VNM:Trà Vinh,9.806520463000084,106.32076725249516
1462,PHL:Oriental Mindoro,12.866525173500122,121.36543280551292
1463,PHL:Camarines Sur,13.683760166500091,123.2065967313848
1464,BRA:Sergipe,-10.54179308399992,-37.16490416693554
1465,BRA:Pará,-3.604321782999932,-51.98169668777328
1466,PHL:Aklan,11.625970000000107,122.22648554913692
1467,PHL:Camiguin,9.168049813500147,124.7137344446324
1468,RUS:Yamal-Nenets,67.53359250000014,69.32709646573663
1469,RUS:Rostov,48.06903266950008,40.94169022067626
1470,DZA:Naâma,33.23553276150005,-0.8155667903942405
1471,DZA:Bouira,36.23229038000008,3.9128292457849545
1472,LBY:Al Marqab,32.39613350000013,14.051032021091247
1473,LBY:Benghazi,31.82075786650003,20.414014578702496
1474,LBR:Grand Bassa,6.140100002500105,-9.919341879079653
1475,LBR:Bong,6.903936386500106,-9.794347901353923
1476,THA:Lop Buri,15.116841317000109,100.94244364097682
1477,THA:Nan,18.82155990600009,100.79554432225504
1478,DZA:Béchar,29.862962723000123,-2.884906850546744
1479,DZA:Mostaganem,36.00258725500012,0.3707621788201667
1480,KEN:Homa Bay,-0.5575089739999157,34.319839567866325
1481,KEN:Kakamega,0.3746125705000338,34.688297418851434
1482,RUS:Chuvash,55.494157792000095,47.1709413145719
1483,TUN:Kairouan,35.60050964400011,9.847225750673704
1484,COD:Haut-Lomami,-8.137875556499921,25.57698613964417
1485,COD:Sankuru,-3.77315568949993,23.44048590595856
1486,NZL:West Coast,-42.63683870499997,171.52778026047235
1487,NZL:Taranaki,-39.28759765599992,174.29603145105494
1488,THA:Uthai Thani,15.36686944950003,99.56098888943716
1489,THA:Mukdahan,16.543985366500067,104.48244813216972
1490,RUS:Bryansk,52.93751144450016,33.12554696066537
1491,THA:Satun,6.767661095500074,100.02737395890796
1492,GEO:Ajaria,41.66916656400008,42.09552807334457
1493,GEO:Samtskhe-Javakheti,41.51597023050007,43.23327464962185
1494,PRY:Cordillera,-25.24775028149986,-56.95363366554051
1495,PRY:Concepción,-22.79103946599992,-57.264431097644255
1496,DZA:Guelma,36.35053634700003,7.407282475754037
1497,DZA:Chlef,36.20380161600005,1.269778672629139
1498,THA:Krabi,8.166850763500094,99.02120199162415
1499,IND:Chhattisgarh,20.94339084750004,81.5022986887761
1500,IND:Madhya Pradesh,23.97556972450008,79.38926444973886
1501,NZL:Gisborne,-38.253489999999886,177.90783263129518
1502,NZL:Northland,-35.39449899999991,173.94163396688032
1503,RUS:Kalmyk,46.505886078000174,45.461695159902696
1504,RUS:Ivanovo,57.02930069000007,41.657183814279534
1505,IND:Sikkim,27.60680010800013,88.4595380957535
1506,IND:Odisha,20.18319400000007,84.44910691981235
1507,RUS:Dagestan,43.093149184500135,46.9570837785663
1508,RUS:Chelyabinsk,54.2029840755001,61.47106783627004
1509,RUS:Adygey,44.48342514050006,40.15420832180841
1510,AFG:Nuristan,35.465198517500056,71.10169363325055
1511,PHL:Northern Samar,12.391235352000107,124.82199725323852
1512,RUS:Kostroma,58.44583129900013,43.86151482523654
1513,UGA:Kamwenge,0.1983035060000872,30.459417293837447
1514,RUS:Yaroslavl',57.74906158450017,39.13494328006183
1515,RUS:Altay,52.5298671725001,82.64337542678652
1516,RUS:Moskva,55.58468055750009,38.94970568351772
1517,PHL:Guimaras,10.579774895000128,122.60824940673572
1518,THA:Trang,7.5410000000001105,99.57847623521158
1519,THA:Bangkok Metropolis,13.72371625849999,100.60350327167016
1520,CPV:Maio,15.227777000000088,-23.155694999999923
1521,CPV:Brava,14.851389000500037,-24.708473500499963
1522,GBR:IMN.20_2,,
1523,NZL:Waikato,-37.88444149999992,175.35757841288574
1524,PHL:Abra,17.569519996500105,120.80032873477371
1525,PHL:Kalinga,17.42593002400008,121.3246175371339
1526,RUS:Astrakhan',47.13490755050012,47.7189459523464
1527,BWA:Kgatleng,-24.12366008749996,26.416771806599627
1528,BWA:Chobe,-18.396665572499927,24.71013661590021
1529,BWA:Gaborone,-24.60442924499992,25.92085563984792
1530,THA:Sa Kaeo,13.715636730500051,102.27701659082184
1531,THA:Ang Thong,14.618255615000097,100.35372958576072
1532,PHL:Cebu,10.349149705000087,123.77864892128584
1533,BDI:Muyinga,-2.7344814539999334,30.319141991567307
1534,BDI:Muramvya,-3.2664915324999697,29.65323339766389
1535,DZA:Ghardaïa,30.979368209500137,3.099953166425748
1536,COL:Vichada,4.528766394000144,-69.4682830041464
1537,COL:La Guajira,11.427778000500098,-72.5818932929532
1538,LAO:Champasak,14.68632078200008,105.882017012845
1539,LAO:Xiangkhoang,19.421082497000043,103.35861526124442
1540,DZA:Khenchela,34.91389656100014,6.907154990861876
1541,DZA:Tlemcen,34.668686491500154,-1.2953246277603954
1542,DZA:Relizane,35.836554761000144,0.9143169411414086
1543,UGA:Soroti,1.667650998000056,33.55480176877329
1544,UGA:Kisoro,-1.2026090029999352,29.67401401618859
1545,GBR:TCA.4_1,,
1546,GBR:JEY.11_1,,
1547,UKR:Zhytomyr,50.64296531700015,28.363487911988067
1548,UKR:Zakarpattia,48.49747276350004,23.02812176710696
1549,ECU:Cotopaxi,-0.775885372999852,-78.79144217454632
1550,ECU:Pastaza,-1.803757011999864,-76.82260239094765
1551,PHL:Samar,11.710274829000127,125.14624478103606
1552,PHL:Quirino,16.273520470500074,121.58590714081474
1553,THA:Chai Nat,15.159755708000034,100.0385901820754
1554,THA:Samut Songkhram,13.379564762000086,99.92718053315028
1555,LKA:Trincomalee,8.569829735000013,81.06164463093674
1556,LKA:Kandy,7.214307546500066,80.640076620449
1557,MYS:Perak,4.7998460755000565,101.01923719340346
1558,DOM:Distrito Nacional,18.483268737500023,-69.92021789162663
1559,DOM:La Vega,19.0232658380001,-70.7167588360844
1560,GBR:IMN.14_2,,
1561,RUS:Tula,53.88172531100011,37.42647616687576
1562,RUS:Bashkortostan,54.07119941700003,56.31354848338566
1563,THA:Mae Hong Son,18.723851204000084,97.93131493099744
1564,KHM:Batdâmbâng,12.925428210000035,103.23171423066364
1565,KHM:Prey Vêng,11.366119263500051,105.45566071065754
1566,KHM:Kândal,11.396262519000146,105.02090222751258
1567,KHM:Krâchéh,12.678301722000157,106.05817327355663
1568,LKA:Moneragala,6.87725448600014,81.37758636475006
1569,LKA:Kegalle,7.113384723500161,80.32193579978599
1570,MDA:Leova,46.55628265450005,28.40728689928224
1571,MDA:Găgăuzia,46.2073399570001,28.75968270206979
1572,PHL:Tawi-Tawi,5.19792006600008,120.03427041916146
1573,EGY:Aswan,23.67740519100008,32.677286851688365
1574,EGY:Al Wadi al Jadid,24.87305068950008,28.749361719562835
1575,ECU:Azuay,-3.0719977624999046,-79.21924041345616
1576,ECU:Guayas,-1.9543426624999256,-79.92611678144725
1577,BTN:Monggar,27.269227027500136,91.21170181188651
1578,BTN:Dagana,26.99092674300008,89.92426979021025
1579,THA:Sakon Nakhon,17.42946529400001,103.66109207069408
1580,THA:Samut Prakan,13.598085880500092,100.76257240200296
1581,THA:Maha Sarakham,16.023321151500056,103.1801734212724
1582,EGY:Al Bahr al Ahmar,25.44678900000005,34.02033011684741
1583,EGY:Ad Daqahliyah,31.048790931500093,31.52908742650999
1584,BFA:Sud-Ouest,10.384653715000042,-3.284979795866927
1585,KEN:Siaya,-0.0531138664999559,34.200586047543595
1586,KEN:Nyeri,-0.3103960744999199,36.93047066671369
1587,AFG:Farah,32.46704864500012,62.453010446681866
1588,AFG:Balkh,36.48285102850008,67.16338041176134
1589,GTM:Guatemala,14.587687016000103,-90.43430530455572
1590,GTM:Petén,16.83366739700014,-90.04497110794108
1591,UKR:Kiev,50.35402870150008,31.40762880708461
1592,UKR:Kiev City,50.41147995000014,30.50038547951603
1593,JPN:Oita,33.213167000000055,131.35489299833137
1594,JPN:Kanagawa,35.40328550000012,139.28308299132215
1595,MWI:Ntcheu,-14.818274497999935,34.76760215083705
1596,THA:Nakhon Ratchasima,14.962940692500098,102.07216460213505
1597,IRQ:Sala ad-Din,34.541681289500104,43.46931639378242
1598,IRQ:Karbala',32.40288925200011,43.77883304385775
1599,MWI:Dedza,-14.01299190499995,34.28153528681937
1600,MWI:Zomba,-15.438859939499936,35.38765235119071
1601,JPN:Yamaguchi,34.254299000000174,131.52277192364966
1602,JPN:Aomori,40.88097190850007,140.49179870736833
1603,IDN:Sulawesi Selatan,-3.798787831999931,119.94768496033028
1604,PER:Arequipa,-15.95930576349994,-72.44420873333924
1605,PER:Loreto,-4.370070457499935,-74.31167868060678
1606,PER:Apurímac,-14.007585048499864,-72.83887498489483
1607,RUS:Vladimir,55.95549338900011,40.72439528312912
1608,RUS:Sverdlovsk,59.02659797700014,62.29445148720909
1609,JPN:Yamagata,38.43170738200016,140.15388306523604
1610,PHL:North Cotabato,7.2010650645001135,124.85888535900304
1611,PHL:Catanduanes,13.80829987400014,124.2747001405453
1612,LKA:Hambantota,6.275252820000134,81.17751700273384
1613,JPN:Gifu,35.803470612000154,137.06524665732485
1614,JPN:Yamanashi,35.57038688600008,138.68918165301903
1615,ARG:Santiago del Estero,-28.06432056399996,-63.43881176612992
1616,MEX:Colima,19.09856743600008,-103.92182267684734
1617,MEX:Oaxaca,17.163686619500112,-96.283424994184
1618,RUS:Udmurt,57.20734787100008,52.76914002258468
1619,VNM:Bắc Kạn,22.273444176000083,105.85637712596288
1620,UGA:Rakai,-0.5149550134999004,31.24952703059934
1621,LKA:Puttalam,7.916224480500119,79.91205168195653
1622,LKA:Matale,7.698232413000085,80.6602839757224
1623,THA:Nakhon Si Thammarat,8.579270363500115,99.71881523496045
1624,NGA:Yobe,11.973616123000111,11.555921687036705
1625,NGA:Kano,11.56123256650011,8.528811679215085
1626,TZA:Kaskazini Unguja,-5.881943941499941,39.29236221300013
1627,TZA:Njombe,-9.60045194549994,34.76986653754729
1628,JOR:Jarash,32.241180420000035,35.9459880060301
1629,JOR:Tafilah,30.822401048000074,35.72394574531168
1630,PHL:Masbate,12.160969734500128,123.74458762696452
1631,KEN:Nyamira,-0.6451438369999494,34.93347797603981
1632,KEN:Nandi,0.2319549920000838,35.121448250997545
1633,KEN:Murang'a,-0.8248603639999601,37.00452699129805
1634,KEN:Kisii,-0.7321770789998823,34.75335327625992
1635,MDA:Criuleni,47.20606998900007,28.99687457152404
1636,KAZ:Aqtöbe,48.28122901900008,59.36136241895322
1637,KAZ:Qostanay,51.43016052250013,63.54265134263727
1638,PHL:Apayao,18.08057498950012,121.198944992276
1639,VNM:Sóc Trăng,9.58919620450007,105.92118343579308
1640,VNM:Kiên Giang,9.975680352500008,105.28182668190084
1641,VNM:Lạng Sơn,21.89294433650008,106.58814486108426
1642,MEX:Baja California Sur,25.435938477500088,-111.54300506176207
1643,MEX:Tabasco,17.95037984150008,-92.48277066696974
1644,GTM:El Progreso,14.895864487500148,-90.06494141638336
1645,GTM:Zacapa,15.017287732000057,-89.47994728363722
1646,GBR:Northern Ireland,54.63738005250016,-6.852681332057429
1647,TUN:Kassérine,35.21870918450014,8.86441344292342
1648,TUN:Ben Arous (Tunis Sud),36.63651657200012,10.16748176469515
1649,JPN:Akita,39.68981700000006,140.43943784741649
1650,RUS:Tyumen',57.54360580500017,67.8288115725061
1651,RUS:Lipetsk,52.73610877950014,38.93297975627704
1652,MMR:Mandalay,21.526524544000097,95.83229955512148
1653,MMR:Kayin,17.356874269000116,97.79922979539596
1654,PHL:Maguindanao,7.150704861000037,124.28819767880589
1655,MMR:Yangon,17.03847023250009,96.12290380721954
1656,MMR:Sagaing,24.48818016100006,95.308009420168
1657,GTM:Izabal,15.518037319500053,-89.0405612544995
1658,GTM:Quezaltenango,14.859471321500138,-91.60017225387502
1659,COD:Haut-Uele,3.327404261000112,28.81107728637141
1660,COD:Mai-Ndombe,-2.569674848999909,18.58451752744001
1661,IDN:Kalimantan Tengah,-1.375409125499857,113.45324347968348
1662,IDN:Jawa Timur,-7.766984939499935,112.27772444524588
1663,RUS:Tuva,51.755395889000056,94.2369411696914
1664,RUS:Mariy-El,56.5963249210001,47.94592858580555
1665,AFG:Parwan,35.00721740800009,68.73819314909272
1666,THA:Pathum Thani,14.093935682000136,100.62875803855556
1667,IND:Tamil Nadu,10.804365635000096,78.35368014308513
1668,VNM:Thừa Thiên Huế,16.36923885350015,107.46359990687458
1669,VNM:Bắc Ninh,21.11764049600012,106.10975459640244
1670,MWI:Karonga,-10.037437438999916,34.06603114103704
1671,MWI:Mulanje,-15.906247139499952,35.54386862572387
1672,UGA:Busia,0.4078869970000482,34.01457794328764
1673,IRQ:Wasit,32.70605659450001,45.63234968100693
1674,ECU:Tungurahua,-1.2589151864998769,-78.5005584600224
1675,PER:Piura,-5.22875099999996,-80.26595156001065
1676,THA:Bueng Kan,18.107055664000143,103.70467655076548
1677,IDN:Jakarta Raya,-6.23000121049995,106.84552655119909
1678,IDN:Sulawesi Utara,1.021605313500061,124.61041019828652
1679,SOM:Gedo,2.7694635395001512,41.765696965341306
1680,SOM:Togdheer,9.150002003000054,45.42681422137048
1681,MDA:Ştefan Voda,46.54033289400007,29.659108414389777
1682,MDA:Bălţi,47.76392555300012,27.95279814718289
1683,NGA:Enugu,6.512749910500105,7.374824767774973
1684,THA:Kamphaeng Phet,16.382061005000082,99.51134425977794
1685,PHL:Leyte,10.873425006000105,124.8604566305904
1686,GBR:Wales,52.36861846400015,-3.607595930631841
1687,GBR:BMU.7_1,,
1688,IDN:Yogyakarta,-7.872962951999909,110.41403741536004
1689,IDN:Sulawesi Tenggara,-3.840073778999965,121.87313666913197
1690,THA:Phetchaburi,12.941589832500142,99.60254284472732
1691,THA:Phrae,18.26870536850015,100.17144600491712
1692,UGA:Mubende,0.5168294910001521,31.705999220289645
1693,THA:Prachin Buri,14.021255970000055,101.57424696929012
1694,THA:Si Sa Ket,14.954740524500096,104.32797870154414
1695,PHL:Misamis Occidental,8.340020180000039,123.70294642159725
1696,GBR:MSR.3_1,,
1697,COD:Lomami,-6.407197713499926,24.62687331980086
1698,KEN:Kirinyaga,-0.4654674999999315,37.30153080831541
1699,PHL:Lanao del Norte,8.017319679500076,123.9899604606195
1700,PHL:Agusan del Norte,9.05905008350004,125.63577035614242
1701,PHL:Romblon,12.386785031000043,122.58656284875494
1702,PHL:Pangasinan,16.005834580000027,120.33637278724076
1703,EGY:Qina,25.928594589,33.0814722363509
1704,EGY:Dumyat,31.34676170400013,31.68590895803213
1705,UZB:Namangan,41.08767318850005,71.36069812881081
1706,LBR:Margibi,6.457856893500036,-10.30122518542436
1707,LBR:Lofa,7.865264416000059,-9.822294882174294
1708,IDN:Jambi,-1.7523194554998724,102.58109682245802
1709,IDN:Bangka Belitung,-2.8992783139999005,107.9055363656884
1710,RUS:Orel,52.79898643550004,36.40872295518416
1711,ARG:Chubut,-44.00172231749994,-68.47397603614019
1712,ARG:San Luis,-33.93344879199989,-65.93486418528522
1713,PHL:Benguet,16.565179825000143,120.71269752997328
1714,THA:Yala,6.149494410000045,101.23639691251697
1715,DOM:Bahoruco,18.48912239100008,-71.32777008776054
1716,DOM:San Pedro de Macorís,18.60925769900016,-69.4814130457388
1717,RUS:Buryat,53.59362793050005,111.054197954534
1718,RUS:Kamchatka,57.88798900000012,159.8280775274086
1719,BDI:Cibitoke,-2.848198522999951,29.26183016492716
1720,IDN:Banten,-6.437695503999919,106.13333643838948
1721,IDN:Kalimantan Utara,2.7234610000001567,115.96265083302984
1722,GBR:GGY.13_1,,
1723,DOM:San Cristóbal,18.518174171000084,-70.21220790388924
1724,ECU:Loja,-4.038352250999935,-79.80326601426344
1725,GBR:JEY.4_1,,
1726,GBR:IMN.6_2,,
1727,THA:Nakhon Nayok,14.235105514500075,101.1637367266746
1728,MDA:Taraclia,45.910313000000144,28.614561144082725
1729,MDA:Rîşcani,47.93541145350008,27.44281082897769
1730,PHL:South Cotabato,6.313309909000139,124.71999287357748
1731,THA:Prachuap Khiri Khan,11.803724729000066,99.72446763991064
1732,THA:Nakhon Pathom,13.927530289500083,100.09761791508608
1733,VNM:Quảng Ninh,21.23846626300005,107.24210574359438
1734,SAU:Ḥaʼil,27.225400000000093,41.486843897405095
1735,SAU:Tabuk,27.268811500000083,38.80285059940715
1736,THA:Tak,16.522780418500076,98.89127497149178
1737,THA:Ratchaburi,13.547914982000066,99.61698317027816
1738,MDA:Calarasi,47.3026161195001,28.29947559200677
1739,PHL:Pampanga,15.017459869500073,120.6784213912483
1740,PHL:Agusan del Sur,8.59062528700008,125.6212123511005
1741,THA:Trat,12.20234909150014,102.4193777694678
1742,THA:Lampang,18.310830117500103,99.52689252575809
1743,PER:Madre de Dios,-11.621549605999943,-70.75122057642332
1744,VNM:Hoà Bình,20.70594119950005,105.2607847293506
1745,VNM:Hà Nội,20.974946022000097,105.6759067527808
1746,UGA:Rukungiri,-0.7027350069999443,29.89120658573521
1747,THA:Chachoengsao,13.57650089350011,101.56426889786422
1748,VNM:Khánh Hòa,12.337126503000093,108.9412902916661
1749,DZA:Béjaïa,36.5580251695001,4.7896140444384585
1750,DZA:Tizi Ouzou,36.68001883400007,4.23814326007114
1751,AFG:Kunar,35.01820468950007,71.07878645289895
1752,MEX:San Luis Potosí,22.827414558500152,-101.09626249651608
1753,IRQ:Al-Basrah,30.229710814500063,47.49649763403959
1754,RUS:Ingush,43.09539604150004,45.03227471406852
1755,PHL:La Union,16.564429283500175,120.42505324680292
1756,THA:Phitsanulok,17.024300575500092,100.54352312502884
1757,THA:Kalasin,16.639864922500152,103.68578741703186
1758,MDA:Sîngerei,47.668657303000174,28.205108201164567
1759,MDA:Donduseni,48.20773887700011,27.696562717279743
1760,AGO:Namibe,-15.389384510499925,12.731027052868544
1761,AGO:Huíla,-14.85247306799991,15.009953125408098
1762,PNG:West New Britain,-5.611777999999958,149.63131099696892
1763,GBR:IMN.9_2,,
1764,UGA:Sironko,1.3290904760001467,34.278298797332084
1765,VNM:Vĩnh Phúc,21.362462043500106,105.58409073670336
1766,VNM:Tây Ninh,11.370623699500072,106.11203015174692
1767,BEN:Littoral,6.375981000000138,2.4245569570947287
1768,THA:Nong Bua Lam Phu,17.22139453950004,102.30805152868048
1769,CPV:Ribeira Grande,17.142359733500058,-25.13549011151545
1770,VNM:Bắc Giang,21.37428092950003,106.4662276589915
1771,VNM:Đắk Lắk,12.788317204000036,108.41651072047732
1772,VNM:Bạc Liêu,9.327388763500068,105.53276684902931
1773,UGA:Kabale,-1.2336211199998957,30.015660090734045
1774,IND:Tripura,23.736294746000112,91.65599770080368
1775,VNM:Bình Định,14.108333588000107,108.95286860185244
1776,VNM:Hà Giang,22.77969837150013,104.95964856707982
1777,PNG:East Sepik,-4.250560717499923,142.96266078356027
1778,PNG:Bougainville,-6.143645999999933,155.2057972738305
1779,PHL:Sarangani,6.032079934500075,124.62852338959244
1780,PHL:Davao Oriental,7.135035039000087,126.2760227284889
1781,LBY:Al Kufrah,23.25698852550013,22.00506039410328
1782,LBY:Ghat,26.026681900500108,10.455887895421078
1783,VNM:Long An,10.712113858500118,106.1257079475755
1784,VNM:Hải Phòng,20.808936119000123,106.704882827585
1785,MDA:Ialoveni,46.87940216100006,28.82927049507496
1786,SLV:Morazán,13.76308059700014,-88.09336386703981
1787,SLV:Usulután,13.425968647500127,-88.53350471041729
1788,GEO:Kvemo Kartli,41.50272750900015,44.59338317684752
1789,GEO:Imereti,42.163452148500085,42.94528333254527
1790,LKA:Galle,6.202301979500106,80.2317829277924
1791,GTM:Sacatepéquez,14.547330379000073,-90.75361380139285
1792,GTM:Jalapa,14.650895596500106,-89.92296579338652
1793,TUN:Le Kef,36.0473928450001,8.724215391779353
1794,KEN:Isiolo,1.0069472200001144,38.74766155949639
1795,KEN:Tharaka-Nithi,-0.1919786634999241,37.95994641882548
1796,PHL:Surigao del Norte,9.57457017900009,125.57651155953717
1797,PHL:Palawan,12.145299969500089,120.02806622328256
1798,BTN:Wangdue Phodrang,27.58269786800011,90.15445443686028
1799,BTN:Punakha,27.66536140500014,89.8586153894091
1800,MEX:Chiapas,16.260164131000096,-92.24524124805684
1801,MEX:Sinaloa,24.755243591500147,-107.38421300077296
1802,PHL:Basilan,6.578749895500096,122.03527450600012
1803,RUS:Tver',57.21124076850009,35.266830794841994
1804,PHL:Antique,11.116384983500067,122.14623609412868
1805,PHL:Occidental Mindoro,12.870305062000114,121.0128002138488
1806,IND:Dadra and Nagar Haveli,20.20629024600004,73.01858778227916
1807,IND:Uttarakhand,30.00316906050012,79.24369826634198
1808,RUS:Ryazan',54.31703503200001,40.66673821218133
1809,PRY:Caaguazú,-25.084012985499896,-55.87555158398597
1810,PRY:Presidente Hayes,-23.659118651999904,-59.0910780264273
1811,MDA:Cantemir,46.26564216650005,28.35259076571976
1812,NGA:Bayelsa,4.839999000000063,6.014365258447189
1813,NGA:Edo,6.656338454000064,5.85129763475272
1814,MWI:Mwanza,-15.612322806499918,34.50956272760607
1815,MWI:Lilongwe,-14.043386459499942,33.73506149298066
1816,PHL:Zamboanga Sibugay,7.688575030000123,122.93687246185335
1817,PER:Ucayali,-9.370634077999966,-73.92118998628969
1818,DZA:Tamanghasset,24.37244987550008,4.481545883514916
1819,DZA:Sidi Bel Abbès,34.68174346350014,-0.4349880481224287
1820,PHL:Surigao del Sur,8.702499867000114,126.11204957988032
1821,PHL:Dinagat Islands,10.161739826000089,125.5571451030761
1822,DOM:Samaná,19.17804950100012,-69.65072930837954
1823,DOM:Independencia,18.41720390350008,-71.63089947001032
1824,MWI:Chitipa,-9.976662158499892,33.41824166552682
1825,MWI:Chikwawa,-16.214873313499908,34.72036214914758
1826,EGY:Al Isma`iliyah,30.60106086750013,32.445172619624884
1827,KAZ:West Kazakhstan,49.84337425150008,51.44787474743148
1828,PHL:Metropolitan Manila,14.565198977500046,121.0393660519643
1829,UKR:Odessa,46.73082733150005,30.582051921507
1830,KEN:Vihiga,0.087873727500181,34.70802703069697
1831,UGA:Bushenyi,-0.4236489974999244,30.163719683087475
1832,RUS:Leningrad,59.87645128800014,32.96225843008635
1833,JPN:Tochigi,36.675819397000055,139.7829450559792
1834,JPN:Miyagi,38.38571200000016,140.84097696171204
1835,RUS:Chechnya,43.22317886400009,45.887852012540456
1836,VEN:Táchira,7.992958308500107,-72.05076725298275
1837,VEN:Sucre,10.384722213500083,-63.50764577378104
1838,RUS:Moscow City,55.71176528950016,37.658945588195024
1839,TZA:Geita,-3.321517585999913,31.84460108939001
1840,TZA:Rukwa,-7.981162548499896,31.489485557435493
1841,DZA:Batna,35.34026033200007,5.73341995133867
1842,NGA:Cross River,5.791812896500119,8.40021109358885
1843,NGA:Kogi,7.623667955000087,6.87060388135859
1844,GBR:IMN.11_2,,
1845,VNM:Ninh Bình,20.19450283100005,105.94794339695
1846,DZA:Laghouat,33.74697017700015,2.645939329893504
1847,JPN:Chiba,35.49959182750004,140.22935823685688
1848,JPN:Ishikawa,37.1295200000001,136.9844912521175
1849,VNM:Lai Châu,22.248468398500137,103.26575620113846
1850,YEM:Ibb,14.087272167500116,44.17548859940764
1851,YEM:Hadramawt,16.528963089000086,48.62677440288271
1852,GHA:Central,5.664296648000089,-1.1589741435561869
1853,PER:Puno,-15.14835152649988,-70.09345233386622
1854,GBR:JEY.8_1,,
1855,IDN:Gorontalo,0.6735259595000969,122.25433534413744
1856,IDN:Bali,-8.455605983499964,115.2700623266656
1857,PHL:Bohol,9.880684853000131,124.20597831536436
1858,PHL:Batangas,13.913565159500024,121.03786217413952
1859,IRQ:Ninawa,35.972282410000105,42.3330702028243
1860,KEN:Kitui,-1.5604900114999225,38.371809793704
1861,VNM:Yên Bái,21.808279991500143,104.51788156511006
1862,PAN:Kuna Yala,9.035864621500052,-77.87342558573582
1863,PAN:Colón,9.133611202500049,-80.18519119449815
1864,VNM:Thanh Hóa,19.97869491600008,105.49437658895398
1865,VNM:Sơn La,21.302867889500103,104.13829370307712
1866,VNM:Quảng Ngãi,14.97829294200011,108.60411136012934
1867,THA:Nakhon Sawan,15.62528451850011,100.38224079722592
1868,IDN:Papua Barat,-1.8652144999999225,130.0664846203249
1869,IDN:Nusa Tenggara Barat,-8.594914999999872,117.271689770904
1870,BDI:Cankuzo,-3.144729738999956,30.591057498038857
1871,BDI:Bujumbura Mairie,-3.394593476499949,29.314255052497003
1872,DZA:Souk Ahras,36.1390266435001,7.825932625826898
1873,VNM:Cà Mau,9.06201982500005,105.082761579535
1874,THA:Ranong,10.044955500000071,98.76695392263974
1875,MOZ:Nampula,-15.17642999599994,39.03926341062651
1876,MOZ:Inhambane,-22.91083240549992,34.596999347195684
1877,NGA:Kebbi,11.663010196999975,4.060199095943068
1878,NGA:Abia,5.418409348000154,7.483744082122785
1879,IND:Chandigarh,30.73388576500011,76.76733253808752
1880,IND:Nagaland,26.12501621250007,94.55932464105834
1881,THA:Chanthaburi,12.820113608500035,102.17568558914776
1882,GTM:Suchitepéquez,14.377591134000111,-91.4790164340308
1883,YEM:Lahij,13.322118760000109,44.76280649730664
1884,YEM:Hajjah,16.092500500000085,43.20297525419983
1885,DOM:Monte Cristi,19.71494557150009,-71.43855228340905
1886,DOM:La Altagracia,18.588055611500096,-68.59814862392835
1887,MAR:Gharb - Chrarda - Béni Hssen,34.541805268000104,-5.860227856865372
1888,MAR:Tanger - Tétouan,35.31861100000009,-5.517083880999962
1889,LKA:Kilinochchi,9.450000000000074,80.43236150000013
1890,IRQ:Babil,32.634042740000154,44.55783567875439
1891,IRQ:Arbil,36.38637924200009,44.18166846363363
1892,TUN:Béja,36.76832389850017,9.19039740099605
1893,JPN:Tokushima,33.892574500000165,134.18238616967497
1894,JPN:Saitama,36.016235352500075,139.28568352809322
1895,DZA:Tébessa,35.12109947250008,7.898413579166365
1896,DZA:El Tarf,36.67121696550015,8.071687777496349
1897,VNM:Nghệ An,19.274414062500146,104.86067208322
1898,VNM:Lào Cai,22.36075782800017,104.15684731042776
1899,TCD:Ouaddaï,13.518655300000006,21.26869505370347
1900,TCD:Mandoul,8.718426228000084,17.58003139485136
1901,UKR:Volyn,51.13793182350014,24.936771729388816
1902,UKR:?,50.40165710450003,30.704036837955755
1903,ECU:Los Rios,-1.3354659674999425,-79.53785568441256
1904,SEN:Fatick,14.16446351950006,-16.568687634871182
1905,SEN:Sédhiou,12.910955906000057,-15.55376710459944
1906,LAO:Houaphan,20.29420375850017,103.91975074938682
1907,JPN:Shimane,34.95238850000007,132.4265474296217
1908,JPN:Okinawa,24.34666550000003,123.84694300000018
1909,TUN:Jendouba,36.69442441800004,8.757207060797526
1910,TUN:Bizerte,37.04531291850006,9.624571193989418
1911,BTN:Pema Gatshel,26.980635643500023,91.31840526385348
1912,BTN:Samtse,27.042230606000004,88.99026602727228
1913,VNM:Thái Bình,20.48253822400008,106.39346792315388
1914,LKA:Nuwara Eliya,7.012619019000027,80.75773944814824
1915,LKA:Kurunegala,7.726058483000088,80.25737731020467
1916,KHM:Bântéay Méanchey,13.804051761500148,103.07939103423476
1917,KHM:Krong Preah Sihanouk,10.962030552500096,103.8609653769362
1918,BRA:Rondônia,-10.833338927999932,-63.40971000771264
1919,BRA:Rio Grande do Norte,-5.906779298999908,-36.64992295526289
1920,NIC:Atlántico Sur,12.1059810000001,-84.236914747413
1921,THA:Songkhla,7.11305856700011,100.36610673189992
1922,PHL:Sulu,5.973469972500084,121.15627232463336
1923,RUS:Saratov,51.319589916500064,46.612515158394885
1924,PNG:Chimbu,-6.324334620999963,144.9427385738485
1925,PNG:Western Highlands,-5.723434924999936,144.2764693466519
1926,COD:Équateur,0.0631088175000513,19.13454426194504
1927,COD:Kinshasa,-4.476916789999905,15.788166653821955
1928,THA:Phra Nakhon Si Ayutthaya,14.391656398000094,100.53704397982372
1929,COL:Vaupés,0.4194817695000097,-70.9439093388941
1930,COL:Nariño,1.5226734880001231,-77.8687347545758
1931,DZA:Mila,36.2501910335001,6.165100420367159
1932,THA:Yasothon,15.81801509850007,104.27545249027254
1933,PHL:Nueva Vizcaya,16.26736068800011,121.03419719612754
1934,PHL:Davao del Norte,7.61887502650012,125.59384227856827
1935,VEN:Anzoátegui,8.91075706550015,-64.13364228293409
1936,VEN:Distrito Capital,10.479789489500092,-66.944404566607
1937,IDN:Kalimantan Barat,-0.4816049639999278,111.1117427117828
1938,VNM:Quảng Trị,16.72234916750017,106.95761998173452
1939,MDA:Rezina,47.70952224700005,28.80504956098891
1940,MDA:Cimişlia,46.60254111600011,28.78240267671558
1941,VEN:Apure,7.080515862000141,-68.80328849810181
1942,VEN:Miranda,10.307498932500067,-66.49873035394724
1943,VNM:Nam Định,20.22864341850007,106.34343784033987
1944,COL:Caquetá,1.1296243665001384,-74.8179755625421
1945,COL:Bolívar,8.901062012500063,-74.23379873953755
1946,LKA:Vavuniya,8.836467742500048,80.48903213710838
1947,LKA:Polonnaruwa,7.9962170114999935,81.04913974582588
1948,SOM:Bay,2.6550004485000898,43.58546259225912
1949,SOM:Bakool,4.167336941500082,43.84575626878747
1950,AFG:Laghman,34.80631446850012,70.27516009335983
1951,AFG:Kabul,34.55278968750014,69.32974766730865
1952,MMR:Tanintharyi,12.538196500000057,99.05792954387054
1953,PRY:Asunción,-25.286398887999923,-57.60560886195534
1954,PRY:Misiones,-26.981702804499943,-57.063461921260114
1955,DZA:Boumerdès,36.7386578525001,3.6191544077503432
1956,RUS:Tambov,52.67986679150016,41.65447041169514
1957,RUS:Kaluga,54.30301475550007,35.34892931801316
1958,TZA:Iringa,-7.965686082499957,35.79435714009401
1959,TZA:Mjini Magharibi,-6.175888538499919,39.23572059750764
1960,IDN:Maluku Utara,-1.8316595549999024,124.82958787503578
1961,EGY:Al Qahirah,29.979218483500148,31.56817806658264
1962,VNM:Hưng Yên,20.80589199150012,106.02414083371498
1963,KEN:Elgeyo-Marakwet,0.7491115040001262,35.56096183397355
1964,VNM:Lâm Đồng,11.766396999000053,108.06707526258096
1965,LBY:Az Zawiyah,32.5155200960001,12.62900762818496
1966,COL:Bogotá D.C.,4.282072544000101,-74.17922269256664
1967,COL:Antioquia,7.150998831000038,-75.43422617353468
1968,LBY:Al Jifarah,32.52658653250009,13.011722412367336
1969,LBY:Darnah,31.954548000000106,22.60208672033152
1970,NGA:Anambra,6.234307050500092,6.932819873982826
1971,NGA:Gombe,10.455729962000106,11.251402133702667
1972,COL:Cundinamarca,4.782581567500131,-73.67300216168178
1973,COL:Córdoba,8.395608426000024,-75.68189894841767
1974,RUS:Tomsk,58.34991836550012,81.51440505564446
1975,JOR:Ajlun,32.30087089550008,35.78117915385074
1976,JOR:Mafraq,32.527523041000165,38.13210063766154
1977,COD:Nord-Kivu,-0.5585863889998848,28.80789662095676
1978,NGA:Ekiti,7.672745942500086,5.292827881716159
1979,AFG:Panjshir,35.49724006650007,69.9028466026995
1980,AFG:Logar,33.983417511500136,69.16898670745366
1981,MWI:Ntchisi,-13.273927688499953,33.897107794594724
1982,RUS:Primor'ye,45.36909484900008,135.11855123391206
1983,VNM:Cao Bằng,22.73814201400009,106.25594737626442
1984,GBR:GGY.12_1,,
1985,RUS:Kursk,51.714590073000096,36.471520935559305
1986,COL:Sucre,9.211860657500068,-75.18685598723003
1987,PER:Huancavelica,-13.057060241499926,-75.01555606690405
1988,CPV:São Miguel,15.191250324500118,-23.64382755551573
1989,MWI:Rumphi,-10.825826286999929,34.04536477060607
1990,MWI:Mangochi,-14.139584063999903,35.11797175914224
1991,JPN:Osaka,34.65799500000011,135.55285703826817
1992,JPN:Kumamoto,32.64179800000002,130.80166485762686
1993,DOM:Santiago,19.332026482500083,-70.93247815394304
1994,BFA:Est,12.257090091000094,1.00738803149471
1995,BFA:Plateau-Central,12.40413999550006,-0.8864158201033412
1996,GBR:CYM.3_1,,
1997,ARG:Tierra del Fuego,-53.85611150049996,-68.0912733321926
1998,ARG:Buenos Aires,-37.147916793499945,-60.13444917984439
1999,THA:Kanchanaburi,14.692010402500046,99.07751255079634
2000,UGA:Kapchorwa,1.3532335160000457,34.55189138428709
2001,COD:Kasaï-Oriental,-6.199442863499911,23.57149171578573
2002,COD:Haut-Katanga,-10.539134978999895,27.876057617555084
2003,GBR:BMU.3_1,,
2004,PHL:Isabela,16.968890217000137,122.02308485719357
2005,TCD:Guéra,11.43700027450015,18.10453483288164
2006,TCD:Mayo-Kebbi Est,10.209917068500005,15.809402170735888
2007,UGA:Ntungamo,-0.953839509999966,30.30318009990336
2008,UGA:Kibale,0.9277715090000244,31.002763963764995
2009,COL:Atlántico,10.675485611000084,-74.99307936023511
2010,KHM:Kaôh Kong,11.486816242000089,103.527074602768
2011,KHM:Svay Rieng,11.194641040500102,105.79608975647884
2012,PNG:Sandaun,-3.992685520499947,142.12892033459855
2013,CHL:Los Lagos,-42.59788199999991,-73.96097918288581
2014,CHL:Antofagasta,-23.501234999999923,-68.7887255749561
2015,MEX:Chihuahua,28.692530434500043,-106.0414860134377
2016,MEX:Querétaro,20.842647297500065,-100.00190539156596
2017,RUS:Zabaykal'ye,53.79610061600013,118.13648985821337
2018,TUN:Gabès,33.80222129750004,9.766781855249032
2019,JPN:Aichi,35.000278473000094,137.27830039891006
2020,MEX:Quintana Roo,19.741557748500043,-88.32304387547282
2021,MEX:Morelos,18.732125511000103,-99.10181651186184
2022,UGA:Nakasongola,1.3205574755000669,32.48932163062996
2023,LBR:Montserrado,6.5320465560000684,-10.47930378170231
2024,CHL:Coquimbo,-30.659920021999937,-70.98129270284943
2025,CHL:Santiago Metropolitan,-33.606655185999955,-70.60537266092334
2026,DZA:Mascara,35.397308254500075,0.2438330097559685
2027,MDA:Chişinău,47.00225628550007,28.86654870905853
2028,MWI:Mzimba,-11.849431513999946,33.57275762827279
2029,NIC:Masaya,11.984136671500153,-86.08275761856103
2030,NIC:Managua,12.175025994000125,-86.2095108036099
2031,DOM:Sánchez Ramírez,19.00057601950013,-70.14588753810946
2032,DOM:Monte Plata,18.83871936850005,-69.8302382276836
2033,RUS:Samara,53.24206352150003,50.1471400491119
2034,PHL:Camarines Norte,14.092989922500069,122.7927132304434
2035,AFG:Ghazni,33.15539741550003,67.75720141105381
2036,AFG:Wardak,34.23735103650009,68.23506249563363
2037,RUS:Arkhangel'sk,63.58951967000016,41.52506861743464
2038,UGA:Kotido,3.3453340530001867,34.079456193821045
2039,GBR:VGB.5_1,,
2040,BRA:Rio de Janeiro,-22.06605257549996,-42.06220823801075
2041,BRA:Pernambuco,-8.377840373999902,-37.901157062199495
2042,DZA:Tipaza,36.52775224100012,2.1715906046623
2043,LKA:Badulla,7.083553553000115,81.08969307774277
2044,MDA:Străşeni,47.17239761300005,28.58990283614645
2045,MEX:Zacatecas,23.08235825450012,-103.2085698746536
2046,BRA:Paraná,-24.617296536499936,-51.82132055224996
2047,KEN:Busia,0.3780729925001083,34.26451723557935
2048,TZA:Kusini Pemba,-5.317478417499928,39.74542713200008
2049,MEX:Coahuila,27.20690596950007,-102.30976126549965
2050,DZA:Ouargla,31.228137289000102,6.7788038736528105
2051,DZA:Aïn Defla,36.15736766850012,2.075585556263703
2052,NGA:Nasarawa,8.558839321500045,8.171055785466514
2053,UGA:Kyenjojo,0.5696710055001404,30.866853350042994
2054,KHM:Tbong Khmum,11.950072620500125,105.82457187722582
2055,KHM:Môndól Kiri,12.739753350499996,107.00892716167412
2056,RUS:Komi,63.81896019050009,53.106528627000856
2057,PER:Junín,-11.6689682009999,-74.90631728714999
2058,ECU:Esmeraldas,0.7149803935001842,-79.30367796095473
2059,ECU:Manabi,-0.7828446029999441,-80.05771041907566
2060,SOM:Banaadir,2.085834027000061,45.39067407139754
2061,NGA:Jigawa,11.958939075000131,9.615565341114513
2062,NGA:Kwara,9.058086394500066,4.577247611033775
2063,EGY:Al Uqsur,25.68330063950004,32.69282792470361
2064,ARG:Río Negro,-39.79336738599994,-66.43953107479192
2065,ARG:Jujuy,-23.19677734349986,-66.0359174846967
2066,NIC:Chontales,12.130961921500074,-85.20575955841224
2067,GBR:IMN.8_2,,
2068,AFG:Bamyan,34.71267700200008,67.39181013831379
2069,AFG:Samangan,35.97731399550008,67.72454097090542
2070,RUS:City of St. Petersburg,59.93472100000008,30.362905441163115
2071,CAN:Yukon,64.82077483950002,-136.80591309906922
2072,CAN:Northwest Territories,65.28036500000016,-121.5622201738021
2073,KAZ:South Kazakhstan,43.24919319200009,68.79608236760869
2074,KAZ:Qyzylorda,45.079645158000034,63.562036953617856
2075,MEX:Hidalgo,20.49817809150008,-99.21348515605462
2076,BRA:Bahia,-13.440634741499965,-42.56171864264242
2077,JPN:Fukuoka,33.48450650000012,130.4984806648457
2078,PAN:Veraguas,8.045489311500091,-81.23668734889418
2079,PAN:Panamá Oeste,8.79597234700006,-79.96336176440505
2080,AGO:Benguela,-12.818578002999942,13.900043370592954
2081,AGO:Malanje,-9.529571055499844,16.265860231700074
2082,NZL:Nelson,-41.22229549999989,173.4052061666668
2083,NZL:Wellington,-41.14323049999993,175.41244026584133
2084,DZA:Adrar,25.859183311000123,-1.894538074242696
2085,THA:Suphan Buri,14.569625377500074,100.01373407957188
2086,IND:Lakshadweep,10.813057423500055,73.68055343600011
2087,BRA:Goiás,-15.946659332999957,-50.25974552405848
2088,BRA:Mato Grosso,-12.696053311499952,-55.35598042687885
2089,RUS:Vologda,60.06097221400015,40.886395521161326
2090,COD:Bas-Uele,3.66817772400006,25.21548562432029
2091,COD:Kwilu,-4.793188333499927,18.80868173036585
2092,NZL:Southland,-45.46476149999992,168.12248751267626
2093,NZL:Otago,-45.2967469994999,169.75756014436075
2094,SDN:North Darfur,15.869643070500018,25.50463185762832
2095,SDN:Sennar,12.908060074000076,34.13144440256606
2096,RUS:Amur,52.94975662200005,130.18492313543885
2097,MEX:Sonora,29.39664230650009,-110.5543118384138
2098,MEX:Michoacán,19.15595620200017,-101.66785029329122
2099,TZA:Tanga,-5.066390000499894,38.29274528750513
2100,MOZ:Maputo City,-25.83452533849993,32.53088499156186
2101,RUS:Tatarstan,55.37307929950009,50.845039338841886
2102,PHL:Aurora,15.76322500000012,121.42587321777476
2103,CAN:British Columbia,54.49985150000012,-124.993506047537
2104,IDN:Aceh,3.910334468000059,97.12648953884892
2105,DZA:Constantine,36.35832323400015,6.637964690358199
2106,DZA:Bordj Bou Arréridj,36.09594519950005,4.663640290216246
2107,NZL:Manawatu-Wanganui,-39.66646003699992,175.59232531821272
2108,NZL:COK.11_1,,
2109,NGA:Ondo,6.813461304500095,4.834292485589179
2110,NGA:Ogun,7.143645525500062,3.278190890746424
2111,IND:Bihar,25.90353965750009,86.11844771249449
2112,IND:Haryana,29.29248523750016,76.23111432868839
2113,IND:Maharashtra,18.81764150000015,75.42500601221299
2114,IDN:Lampung,-4.8334599999999455,105.1129905922752
2115,IND:Uttar Pradesh,27.142825127000123,80.77253570505435
2116,NGA:Taraba,8.048810958500013,10.386148736628432
2117,NGA:Katsina,12.22723865450007,7.487537338716161
2118,PHL:Zambales,15.291300297000078,120.13878765581224
2119,NZL:Bay of Plenty,-38.114589999999936,176.83865328624938
2120,NIC:Carazo,11.734853738500078,-86.26432344862718
2121,NIC:Atlántico Norte,14.028627000000142,-84.12792832481732
2122,CPV:Santa Catarina,15.093610763500068,-23.71838037357464
2123,KHM:Kâmpóng Spœ,11.577536740000111,104.27050449377404
2124,VEN:Yaracuy,10.328535557000038,-68.64990827103563
2125,VEN:Guárico,8.79976177250012,-66.38627995098247
2126,KEN:Marsabit,2.859545708000041,37.71661793675756
2127,THA:Udon Thani,17.441490168000115,102.83407536581797
2128,LAO:Phôngsali,21.67716714800008,102.21731680771244
2129,JPN:Saga,33.25400361350012,130.1015645469875
2130,JPN:Kochi,33.3002454305001,133.0586777170691
2131,KEN:Mombasa,-3.9992711534999046,39.65007758787749
2132,KEN:Laikipia,0.2925041770000689,36.82724246363642
2133,VEN:Aragua,9.884925842500166,-66.87516141891442
2134,VEN:Lara,10.12446784950015,-69.98368687230422
2135,AFG:Kandahar,31.00725984550008,65.65605783556111
2136,COD:Mongala,2.0297234070000627,21.17470650649644
2137,AGO:Zaire,-6.822343587999967,13.462647246337603
2138,AGO:Lunda Norte,-8.788496970999915,19.197643386715026
2139,NGA:Niger,9.769268990000144,5.800208778545979
2140,UKR:Zaporizhia,47.0953330990001,35.75983345393912
2141,UKR:Ternopil',49.39126014850001,25.49193010617097
2142,CPV:Tarrafal de São Nicolau,16.576251030000094,-24.33550456399271
2143,KEN:Tana River,-1.5359437464999246,39.55100714046539
2144,KEN:Samburu,1.543363870000093,36.94138830157583
2145,RUS:Nizhegorod,56.280967712500086,44.30509313931812
2146,NGA:Imo,5.557908297500063,7.021420290843675
2147,UGA:Bundibugyo,0.8068125000000919,30.13158929193952
2148,UGA:Kalangala,-0.325954525999947,32.59055513325005
2149,PNG:New Ireland,-2.519503499999928,150.23882792270075
2150,THA:Chaiyaphum,16.021924972500102,101.84233761071712
2151,THA:Chon Buri,13.096534500000075,101.22643760935642
2152,DZA:Alger,36.70009072650015,3.032219597043184
2153,LBY:Al Marj,31.918816566000142,21.31439860082861
2154,LBY:Al Butnan,30.134935409000065,23.859977951492787
2155,NGA:Benue,7.289176464500059,8.85767532512363
2156,UZB:Qaraqalpaqstan,43.27730369550008,59.29088484723218
2157,UZB:Farg'ona,40.44961891700004,71.2129951759704
2158,PRY:San Pedro,-24.156645044999948,-56.71957658943693
2159,BDI:Mwaro,-3.509266495999896,29.714969563623583
2160,TCD:Batha,14.450395108000038,18.915441610266868
2161,TCD:Wadi Fira,14.941105366000016,21.40122365855952
2162,GBR:IMN.2_2,,
2163,TZA:Kigoma,-4.796895264999904,30.363830755260658
2164,TZA:Dar es Salaam,-6.876932469999929,39.29800570663954
2165,ARG:Neuquén,-38.60030883199997,-69.53749297700833
2166,DZA:Oum el Bouaghi,35.810017538500176,7.021709648972806
2167,UGA:Nebbi,2.467612505000062,31.13086544319132
2168,UGA:Luwero,1.003132999000087,32.24225606584926
2169,TZA:Kusini Unguja,-6.251112222999865,39.42736053550007
2170,RUS:Magadan,62.57283592200005,154.0956032811534
2171,PRY:Ñeembucú,-26.60340976699993,-57.94210302748767
2172,PRY:Itapúa,-26.845596312999906,-55.87634286136931
2173,MMR:Ayeyarwady,17.088890500000133,95.14045600422392
2174,NGA:Kaduna,10.250395299000076,7.906948438505717
2175,DZA:Annaba,36.84485216200011,7.598869558497329
2176,THA:Surin,14.90531158400006,103.67033704221558
2177,COD:Kongo-Central,-5.177873372999926,14.396751713134744
2178,VNM:Vĩnh Long,10.110632897500151,105.98197269371678
2179,GBR:Scotland,56.65295700000007,-3.912043840637356
2180,UGA:Apac,2.118141055000109,32.622824552187645
2181,AFG:Faryab,36.2233057680001,64.78094538328605
2182,AFG:Kunduz,36.81573867900008,68.6665501032818
2183,RUS:Kurgan,55.54273605450007,65.45627054773324
2184,RUS:Kirov,58.58791732850017,50.19918707716852
2185,PRY:Amambay,-22.958662986499945,-55.91601939446723
2186,TZA:Tabora,-5.428753136999944,32.69268222470322
2187,TZA:Arusha,-2.922116756499946,36.09423025230274
2188,KOR:Busan,35.21125489000008,129.05271080401712
2189,KOR:Gyeongsangnam-do,35.369584770000074,128.40644335164814
2190,UZB:Andijon,40.73109436050007,72.24370373025035
2191,UZB:Toshkent Shahri,41.27961349500012,69.21563787575238
2192,THA:Sukhothai,17.250304222000125,99.7104060537521
2193,UGA:Hoima,1.433936000000159,31.241042261032263
2194,RUS:Voronezh,50.83766555800011,40.166167330868845
2195,GBR:JEY.9_1,,
2196,GBR:JEY.7_1,,
2197,VNM:Bình Dương,11.181774616000126,106.67407120327545
2198,VNM:Bình Phước,11.80001903200008,106.9149390499153
2199,MEX:Veracruz,19.80437273850012,-96.87649364268935
2200,MEX:Guerrero,17.601956236000007,-99.94577302036842
2201,DOM:Espaillat,19.50081253150012,-70.48832905464451
2202,DOM:San José de Ocoa,18.60660743699998,-70.50867720125885
2203,GBR:nan,52.884279044500175,-1.5007194201959837
2204,GBR:JEY.6_1,,
2205,RUS:Krasnoyarsk,64.72121811000011,95.87237527747384
2206,IDN:Nusa Tenggara Timur,-8.5098962779999,120.59804708571724
2207,UGA:Nakapiripirit,1.909039498000056,34.63798199816541
2208,UGA:Mukono,0.4623229950000507,32.91693907595446
2209,VNM:Phú Yên,13.199040905500029,109.07397486220545
2210,IND:Arunachal Pradesh,27.47285461450005,96.39397320093728
2211,BTN:Sarpang,26.975936889500105,90.45219356008654
2212,TUN:Ariana,36.98166656500007,10.10174982547544
2213,TUN:Siliana,35.982965469500044,9.347829286039316
2214,MYS:Kedah,5.811975956500049,100.67994401209586
2215,MYS:Sabah,5.581777500000101,117.17927941769
2216,GBR:GGY.3_1,,
2217,GBR:CYM.1_1,,
2218,PRY:Alto Paraná,-25.36625194549996,-54.74569248342881
2219,PRY:Guairá,-25.870979307999846,-56.3250423889815
2220,GTM:Escuintla,14.194269180000047,-90.9852690732118
2221,BRA:Rio Grande do Sul,-30.41368745099996,-53.368546305552286
2222,PHL:Albay,13.254600048500066,123.55359021960804
2223,MDA:Causeni,46.60166549650009,29.20093698592844
2224,HND:Colón,15.544673920000092,-85.31858421005643
2225,HND:Lempira,14.4344868660001,-88.61258389343082
2226,VNM:Hà Nam,20.53361034400004,105.98062235249792
2227,IND:Rajasthan,26.62655067450009,73.82058634551944
2228,CIV:Woroba,8.425717830500048,-6.64277350418504
2229,SAU:Al Qassim,26.369471668500097,43.22751684637569
2230,SAU:Makkah,21.129487500000067,41.37347492363384
2231,UGA:Mbarara,-0.4314724949999231,30.802570956056563
2232,UGA:Kitgum,3.507661462000101,32.91703874920695
2233,IND:IND.14_1,,
2234,COL:Caldas,5.289330483500038,-75.33978824538882
2235,COL:Tolima,4.094547271500062,-75.11805251373181
2236,COL:Valle del Cauca,4.037859860000083,-76.13249605231834
2237,COL:Casanare,5.291989803500087,-71.68411305059058
2238,COL:Boyacá,5.85530519450009,-72.86797492776994
2239,COL:Chocó,6.325723171500073,-77.0825614927499
2240,JPN:Iwate,39.59900850000008,141.36565353866172
2241,TZA:Kilimanjaro,-3.733594297999901,37.64571753130144
2242,TZA:Kaskazini Pemba,-5.0355551244998935,39.75916671750008
2243,AFG:Hilmand,31.369792938500098,64.00769005929844
2244,PER:Pasco,-10.293499946499908,-75.12531130195225
2245,PER:Amazonas,-4.985553026499929,-78.19734168823337
2246,DZA:El Oued,33.253459295500136,7.138616003158666
2247,RUS:Mordovia,54.41733551050001,44.561753744567
2248,RUS:Perm',58.89566993800011,56.441873227407015
2249,VEN:Vargas,10.51447312600007,-67.19272480373735
2250,PER:Cajamarca,-6.194036483999923,-78.8396860460405
2251,DOM:La Estrelleta,18.964983939500144,-71.70671107923363
2252,UGA:Gulu,2.9013385765000805,32.08942729879499
2253,JPN:Nara,34.324501038500074,135.89042183038842
2254,JPN:Gunma,36.52054977400016,138.92464448196705
2255,UKR:Kherson,46.73925209100014,33.482311472623735
2256,KHM:Takêv,10.935392053500038,104.7898830023608
2257,KEN:Bomet,-0.7120377714999506,35.238651804775174
2258,TCD:Sila,12.00061655050007,21.50178428412725
2259,VEN:Zulia,10.108381935500034,-72.42704195717668
2260,IND:Gujarat,22.41333200000014,72.0409039944104
2261,SAU:Al Jawf,30.05716489900016,39.666177659504186
2262,BRA:Ceará,-5.32068454949993,-39.36656926401258
2263,BRA:Santa Catarina,-27.65543158149996,-49.92297383832414
2264,SOM:Shabeellaha Hoose,1.9730560000000708,44.66169154316248
2265,COD:Kasaï-Central,-6.047226666999933,22.266720529077247
2266,COD:Ituri,2.097601176500035,29.05543725146517
2267,PER:Huánuco,-9.403588294999963,-76.28959960495396
2268,TCD:Mayo-Kebbi Ouest,9.172479630000083,14.908839607874503
2269,GBR:IMN.19_2,,
2270,TUN:Mahdia,35.35242271400011,10.60654181747362
2271,IDN:Sulawesi Tengah,-0.9617460959999278,122.38556693608372
2272,ECU:Morona Santiago,-2.5180368414999634,-77.73368619143608
2273,COL:Guaviare,1.7899641995000763,-72.37335733023936
2274,LBY:Wadi ash Shati',27.883765023000137,12.98389123363508
2275,SAU:Al Bahah,20.170335100000045,41.38587397487253
2276,MDA:Orhei,47.3994927655001,28.76793148594113
2277,PER:Tumbes,-3.817227369499932,-80.48800597049994
2278,MMR:Bago,18.20457649250008,96.26957673350358
2279,NGA:Federal Capital Territory,8.877569199500158,7.149120708876328
2280,IDN:Kalimantan Timur,0.0984872805001089,116.1254333682821
2281,IDN:Sulawesi Barat,-2.2084902514999385,119.41527921135165
2282,HND:Ocotepeque,14.462221622000072,-89.03852145183711
2283,COL:Guainía,2.5772039890001395,-69.15887409142195
2284,GBR:IMN.12_2,,
2285,ECU:El Oro,-3.46856701349995,-79.84168937470884
2286,JPN:Hokkaido,43.46040725700016,143.3302135220742
2287,RUS:Volgograd,49.324949265000186,44.45941955695451
2288,YEM:Sa`dah,17.08811210050007,44.04249225661228
2289,IND:Assam,26.05617523150013,90.75977802866714
2290,IND:Goa,15.346666000000084,74.10725454303643
2291,PER:Ica,-14.203055857999942,-75.63452637379439
2292,EGY:Ash Sharqiyah,30.64473819750012,31.77421749278711
2293,GBR:IMN.7_2,,
2294,TUN:Manubah,36.78666496350007,9.807594004831357
2295,KHM:Kep,10.518246170000054,104.34921651182916
2296,CIV:Lacs,7.116138458500103,-4.553751369363463
2297,NGA:Adamawa,9.213243485000136,12.36193371242275
2298,TCD:Barh el Ghazel,14.631200314000097,16.988354159699636
2299,JPN:Naoasaki,32.685677000000055,128.7564049961391
2300,THA:Samut Sakhon,13.579111099500068,100.212851976881
2301,IND:Meghalaya,25.5366563795001,91.24816272395113
2302,MWI:Salima,-13.735600947999956,34.458482505840806
2303,MYS:Labuan,5.316314000000034,115.21860025927072
2304,MYS:Selangor,3.2295844555001167,101.5131495691138
2305,DOM:Dajabón,19.43555736550013,-71.56638186431556
2306,GBR:AIA.4_1,,
2307,JPN:Toyama,36.62667083750014,137.27327353695932
2308,URY:Flores,-33.551556149999925,-56.874800795755405
2309,URY:Paysandú,-32.02387980049994,-57.21501829509735
2310,DZA:Tiaret,34.89378833800012,1.5948203743173135
2311,VNM:Quảng Nam,15.510054939500035,108.00235429271086
2312,NZL:Hawke's Bay,-39.50760449999993,176.61954589486814
2313,COL:Risaralda,5.096946478500144,-75.99819517828718
2314,COL:Putumayo,0.4814903590000483,-76.16099750789616
2315,DOM:Santo Domingo,18.56380558050012,-69.85595453744693
2316,DOM:San Juan,18.880775451000066,-71.3141383164548
2317,TZA:Pwani,-7.179025173499923,38.93875814022887
2318,MDA:Anenii Noi,46.95191955600009,29.174608107302863
2319,TUN:Sidi Bou Zid,34.898031235000104,9.52418339274552
2320,TUN:Médenine,32.980092998000174,11.28013646205617
2321,ARG:Córdoba,-32.252164840499944,-63.63235841031749
2322,NIC:Rivas,11.381669000000102,-85.90004433409817
2323,BDI:Ngozi,-2.8715059749999057,29.92297954581885
2324,GTM:Jutiapa,14.153126239500097,-89.88473146774217
2325,MEX:Puebla,19.35042566900006,-97.42044876252235
2326,JPN:Fukushima,37.38313484200009,140.1355614517779
2327,JPN:Shiga,35.244296623500105,136.1134152677216
2328,GBR:IMN.4_2,,
2329,MWI:Dowa,-13.52015924499986,33.740365517757176
2330,MWI:Blantyre,-15.68177843099997,34.928364767752235
2331,LAO:Xaisômboun,18.8972482690001,103.05958800423984
2332,ECU:Santa Elena,-2.087666868999918,-80.52405109542003
2333,YEM:`Adan,12.805934500000006,44.786667000000136
2334,COL:Quindío,4.397154331500133,-75.6934016144015
2335,ARG:Mendoza,-34.77283956449989,-68.46759501819848
2336,RUS:Belgorod,50.61438560550005,37.28447840893621
2337,RUS:Khabarovsk,54.57845500000002,133.46920899008313
2338,GTM:Chimaltenango,14.655333996000138,-90.92638684366766
2339,BDI:Gitega,-3.45171248899996,29.964104161396072
2340,BDI:Makamba,-4.236232994999966,29.7189218805716
2341,VEN:Bolívar,6.002997563000065,-63.36056428503073
2342,PHL:Quezon,14.18933000950014,121.65720867324453
2343,PHL:Ilocos Sur,17.28180027050007,120.53558683411282
2344,MNG:Sühbaatar,46.26194763250007,113.85553329264415
2345,NIC:Nueva Segovia,13.769597531000102,-86.11327760476915
2346,NIC:Matagalpa,12.94096422200002,-85.49582138082263
2347,PHL:Tarlac,15.526189804500092,120.46383167523877
2348,IND:Punjab,31.061230659000103,75.64045341003239
2349,BRA:Espírito Santo,-19.596898135999965,-40.43087344165245
2350,BRA:Distrito Federal,-15.775902772999927,-47.77963105536988
2351,DOM:Santiago Rodríguez,19.362395287000083,-71.33943749390356
2352,CIV:Bas-Sassandra,5.458504915500015,-6.479156801790888
2353,DZA:Illizi,26.53815889350008,8.093826407727278
2354,MEX:Jalisco,20.83805731350006,-103.217349342993
2355,KHM:Otdar Mean Chey,14.158563062500008,103.7827959619648
2356,PHL:Capiz,11.375895023500137,122.64431614687804
2357,TZA:Simiyu,-3.1328346729999623,34.18452476976879
2358,THA:Loei,17.484251500000056,101.64484833934011
2359,KEN:Bungoma,0.7879920005000827,34.75852734738421
2360,UGA:Mayuge,0.3863890875001061,33.535625306622464
2361,LKA:Ratnapura,6.57947754850008,80.58784897673999
2362,AFG:Nangarhar,34.367256164500105,70.4149995928113
2363,AFG:Ghor,34.23096942950011,64.49713463062068
2364,TZA:Mbeya,-8.290417194999947,33.98494059389818
2365,PHL:Ilocos Norte,18.17694473350008,120.74622119227725
2366,SEN:Kolda,13.128839970000117,-14.419212749064126
2367,SEN:Kaffrine,14.271106720000034,-15.18733311437616
2368,AGO:Cuanza Sul,-10.94297608599993,15.049148109521145
2369,AGO:Bengo,-9.034341811999925,13.81761365454669
2370,PHL:Siquijor,9.197664738500094,123.55721619971644
2371,JPN:Ehime,33.51944350000005,132.70532102797438
2372,THA:Surat Thani,9.018028540000133,99.11412057995838
2373,AFG:Hirat,34.189914703500165,62.02853737558813
2374,ECU:Carchi,0.7710866035000947,-77.97551443872183
2375,PER:Lambayeque,-6.330250501999927,-80.012255125508
2376,TCD:Salamat,10.607741833000034,20.71905656360363
2377,TCD:Moyen-Chari,9.30580473000012,18.866598742031982
2378,AFG:Jawzjan,36.73578262300006,65.96374422026985
2379,LBR:Nimba,6.742274047000109,-8.757257471766655
2380,PNG:Hela,-5.650988400999893,142.61772954336726
2381,PNG:Gulf,-7.6464529999998945,145.67934946446633
2382,GHA:Eastern,6.456834893500087,-0.4115630346232097
2383,GHA:Ahafo,6.875191274000031,-2.6177414429499866
2384,KOR:Gwangju,35.15517759550002,126.82972192688362
2385,KOR:Chungcheongbuk-do,36.63527721700004,127.57623996747942
2386,UKR:Chernihiv,51.3504104615001,31.86175696741072
2387,COL:Amazonas,-2.0594329829999083,-71.32473415611224
2388,LKA:Kalutara,6.575011493000062,80.1350149663723
2389,ARG:La Pampa,-37.155553817499936,-65.81701475926006
2390,THA:Narathiwat,6.186444998000127,101.73183575279808
2391,THA:Chiang Mai,18.708271026500057,98.72501874169616
2392,DZA:Djelfa,34.34107950800012,3.220172246233304
2393,GTM:Alta Verapaz,15.603226185000151,-90.13076507983996
2394,GTM:San Marcos,14.952431509500087,-91.91246575911644
2395,CPV:Boa Vista,16.10222250000004,-22.79999999999987
2396,EGY:Al Gharbiyah,30.87312889100013,31.007416202329104
2397,CAN:Saskatchewan,54.50003833300005,-105.92706330137383
2398,PHL:Cavite,14.280800000000111,120.88068045725632
2399,JPN:Niigata,37.64029121400003,139.1598710567256
2400,AFG:Daykundi,33.734994888500125,66.4029180038657
2401,VEN:Delta Amacuro,8.814583500000111,-61.361264184339575
2402,CPV:Mosteiros,15.00250101150013,-24.33823984794234
2403,BTN:Trashigang,27.251445770500084,91.7349329203018
2404,EGY:Bur Sa`id,31.132256508500063,32.28901321778495
2405,BTN:Paro,27.486641884000107,89.37263363603577
2406,NIC:León,12.561164379500129,-86.65009701445189
2407,NGA:Rivers,5.0377078060001,6.814512114917818
2408,MMR:Mon,16.29765000000006,97.84758704635657
2409,COD:Kasaï,-4.797856330999935,21.134101472523582
2410,NGA:Osun,7.526452542000015,4.536207069456578
2411,MMR:Kachin,26.092855454500068,97.37284805583668
2412,MDA:Nisporeni,47.07823944050008,28.181016262898
2413,BTN:Trashi Yangtse,27.677559853000048,91.47219690319687
2414,JPN:Kagawa,34.20519650000011,134.03964546744226
2415,KEN:Baringo,0.7308706940000604,36.01939453209788
2416,VNM:Gia Lai,13.799653290000151,108.13751321983436
2417,MEX:Yucatán,20.60987574700019,-89.08796746318129
2418,MEX:Aguascalientes,22.040951106500103,-102.31315442363892
2419,JPN:Ibaraki,36.33069400000008,140.255551155901
2420,GBR:CYM.6_1,,
2421,KEN:Garissa,-0.5222169859998758,40.35988763543185
2422,RUS:Kemerovo,54.51132202200009,86.78472836090745
2423,BEN:Atakora,10.709158499500006,1.880239047068024
2424,GBR:SHN.2_1,,
2425,GBR:JEY.12_1,,
2426,ECU:Bolivar,-1.652499317999883,-79.07102074540857
2427,CHL:Libertador General Bernardo O'Hi,-34.428003972499965,-71.04679859193122
2428,CHL:Atacama,-27.41047041099995,-69.93169790014451
2429,MDA:Soroca,48.15559387200011,28.183708781785548
2430,MDA:Glodeni,47.72214698750011,27.506196493012407
2431,PNG:Eastern Highlands,-6.506783961499906,145.52970682169752
2432,PNG:Jiwaka,-5.804533957999951,144.5923479874313
2433,UGA:Mbale,0.9678280055001096,34.30558036049028
2434,UGA:Kamuli,1.0710499880000557,33.1315212482691
2435,THA:Sing Buri,14.910660267000054,100.30923521399932
2436,NGA:Zamfara,12.026596545500098,6.076083878318316
2437,VNM:Hồ Chí Minh,10.757754803500092,106.63078454590408
2438,KEN:Kajiado,-2.113836525999943,36.77903107878552
2439,BRA:Acre,-9.130058764999916,-70.71159810208141
2440,MNG:Hövsgöl,50.19774186300006,100.26686822792942
2441,PHL:Lanao del Sur,7.805785179000139,124.35748634509216
2442,PHL:Iloilo,11.033015252000098,122.61619489295
2443,MDA:Hîncesti,46.83054351800013,28.426449776250152
2444,MRT:Brakna,17.315550804000026,-13.260252864808754
2445,MRT:Tagant,18.434024811499995,-10.59406891818223
2446,RUS:Kabardin-Balkar,43.41628456050015,43.54501039300248
2447,NZL:Tasman,-41.40180599999994,172.90986500382792
2448,KEN:Narok,-1.2743154169998832,35.47663017137826
2449,GBR:BMU.4_1,,
2450,BRA:São Paulo,-22.54590968699992,-49.21232906371528
2451,GBR:CYM.8_1,,
2452,SLV:La Paz,13.462273121000097,-88.97659035847158
2453,SLV:Cabañas,13.878633976000089,-88.74183285181351
2454,MWI:Machinga,-14.90645408599994,35.60002059162385
2455,PHL:Biliran,11.584835053500145,124.48525884728453
2456,KEN:Makueni,-2.253705262999944,37.87671535829803
2457,VNM:Bà Rịa - Vũng Tàu,10.565376758500094,107.29086044358851
2458,JPN:Fukui,35.817556381000145,136.43732322589764
2459,VNM:Tiền Giang,10.384335518000086,106.3349387377556
2460,VNM:Hải Dương,20.960967064500096,106.3601400587046
2461,THA:Amnat Charoen,15.90894508450009,104.7306090227048
2462,KEN:Kericho,-0.3134474604999298,35.22583764487396
2463,KEN:Wajir,1.9357910160000529,40.024232109026144
2464,ECU:Napo,-0.6073793164999017,-77.95179749117513
2465,RUS:Karachay-Cherkess,43.83681106600014,41.78924530524529
2466,BEN:Atlantique,6.642669000000154,2.207385056508578
2467,BEN:Zou,7.27129000000005,2.1304544475494787
2468,DZA:Skikda,36.75434437700014,6.886693363541268
2469,VNM:Hà Tĩnh,18.33947563200008,105.6097675142127
2470,NGA:Plateau,9.343054771500078,9.629933992136078
2471,MNG:Selenge,49.49261283900012,107.551855320136
2472,MNG:Hovd,46.98103141800007,92.82921638852338
2473,UKR:Mykolayiv,47.41157913200007,31.963535964975165
2474,JPN:Kyoto,35.24059677150012,135.504161693961
2475,EGY:As Suways,29.630752563000016,32.1252872474144
2476,COD:Tanganyika,-6.709679602999927,27.959037556537133
2477,TUN:Tunis,36.83786392200011,10.159861926227832
2478,JPN:Shizuoka,35.11821350000008,138.22479385536087
2479,PHL:Eastern Samar,11.692774772500115,125.38121828190673
2480,MDA:Basarabeasca,46.41574013050016,28.89013941427812
2481,GBR:BMU.8_1,,
2482,PER:Moquegua,-16.89809513049994,-70.93644821850253
2483,THA:Lamphun,18.065268466500044,98.94101991710488
2484,NZL:Auckland,-36.70502499999995,174.54743381547624
2485,BRA:Tocantins,-9.319750193499914,-48.430601563050566
2486,DOM:María Trinidad Sánchez,19.44000148800009,-70.0032878166923
2487,GBR:TCA.1_1,,
2488,TUN:Nabeul,36.72611034750008,10.73902631350012
2489,TZA:Songwe,-8.27706813799989,32.69396270788636
2490,TZA:Mara,-1.747397839999934,34.35396174426114
2491,JPN:Mie,34.48814400000006,136.52205001549083
2492,VNM:Đồng Tháp,10.553506375000126,105.65425107482064
2493,MMR:Chin,22.37540531150006,93.62530631037376
2494,KEN:Migori,-1.017899810999921,34.30886541009205
2495,CAN:Newfoundland and Labrador,49.12055403150012,-56.69257630500323
2496,CAN:Alberta,54.50061435150005,-115.00284188781532
2497,COD:Tshopo,0.1414485425001714,25.597940525605104
2498,COL:Meta,3.261474490500092,-72.86284257176844
2499,RUS:Krasnodar,45.13222300000013,38.102137088461774
2500,MEX:Nayarit,21.843636713500103,-104.8714676138001
2501,IRQ:Al-Anbar,32.85552406350013,41.5346584945187
2502,VEN:Amazonas,3.40124428300004,-65.78084343007265
2503,CIV:Comoé,6.21972489450016,-3.3096318216079315
2504,SDN:Khartoum,15.88469505400016,33.12930908144904
2505,SDN:Northern,19.19146537800012,29.891611831696974
2506,RUS:Irkutsk,57.70221137950011,108.93040630569264
2507,BTN:Chhukha,27.016117097000148,89.54413505158382
2508,BTN:Samdrup Jongkhar,27.02068042800005,91.8007067107588
2509,DZA:Aïn Témouchent,35.3650246065001,-0.9456170440871392
2510,YEM:San`a',15.396949291500109,44.464003893577946
2511,NGA:Oyo,8.110301971000098,3.613182753149738
2512,UGA:Kayunga,0.9921864875001064,32.859333867613046
2513,MDA:Dubăsari,47.18456490250014,29.20604841736097
2514,GBR:IMN.15_2,,
2515,MDA:Transnistria,47.36653518750015,29.28241276931708
2516,VEN:Mérida,8.485417366500144,-71.30791302038878
2517,IDN:Jawa Barat,-6.868591784499927,107.61163104516444
2518,IDN:Sumatera Utara,2.26477539600009,99.25796932655696
2519,LBY:Al Jufrah,27.78107722450005,17.475343852470722
2520,THA:Pattani,6.750622034500026,101.32182370814432
2521,ARG:Misiones,-26.83210872999993,-54.38876362548622
2522,LBY:Al Jabal al Gharbi,30.253477096000097,13.229772113906256
2523,LBY:Sabha,27.008126258500084,15.012777981843932
2524,EGY:Al Buhayrah,30.65857791950009,30.337517903469774
2525,DOM:Hato Mayor,18.815876961000185,-69.34321331301629
2526,HND:Yoro,15.292095661500042,-87.2948669286389
2527,HND:Islas de la Bahía,16.348888500000015,-86.50083549999991
2528,THA:Phichit,16.278190613000078,100.34670971360738
2529,PAN:Herrera,7.820774555000099,-80.75525880102145
2530,UKR:Poltava,49.62382316600011,34.10951026676022
2531,PNG:Western,-7.206106499999919,142.09868438513183
2532,MDA:Edineţ,48.12101173400015,27.290981191295216
2533,MDA:Ocniţa,48.36233329850009,27.482691562185323
2534,TZA:Mtwara,-10.76828670599994,39.04926885127328
2535,MWI:Balaka,-15.032575605999853,35.06175883919377
2536,URY:Artigas,-30.58400739999996,-57.07406397774327
2537,URY:Tacuarembó,-32.04849484999991,-55.510123846331325
2538,IRQ:As-Sulaymaniyah,35.53883934050003,45.34018541724812
2539,IRQ:Al-Qadisiyah,31.83378124300009,45.09780446138553
2540,VNM:Phú Thọ,21.319450379000045,105.13648854250089
2541,KEN:Turkana,2.9886697535001474,35.356279318484084
2542,KEN:Kilifi,-3.150276898999892,39.67492470150235
2543,PHL:Southern Leyte,10.2657599450001,125.20941494538708
2544,IND:Jharkhand,23.65608501450004,85.16343187773666
2545,DZA:Sétif,36.105651092500125,5.563308009543603
2546,BEN:Collines,8.107439526000036,2.1844918009915006
2547,THA:Nong Khai,17.9467992780001,103.12163057385658
2548,PHL:Bataan,14.667925357500138,120.42456860104184
2549,DZA:Oran,35.62200622600011,-0.6986782742732897
2550,JOR:Madaba,31.618845939500147,35.68637182746296
2551,LBY:Murzuq,24.524420738000146,15.270611343672057
2552,THA:Rayong,12.872940064500114,101.44863102535064
2553,LAO:Savannakhét,16.497174263500085,105.718125304715
2554,COL:Cesar,9.271695614000096,-73.62337876441794
2555,KHM:Krong Pailin,12.890532880500103,102.6294600571634
2556,URY:Durazno,-32.95810049999997,-56.05379856895671
2557,URY:San José,-34.30889249999996,-56.75688418860517
2558,IND:Puducherry,10.900825365000031,79.79013947819386
2559,MEX:Distrito Federal,19.32055621450013,-99.15170110184862
2560,PNG:Oro,-8.99072499999994,148.08707635444952
2561,PNG:Madang,-4.99725849999993,144.89920633442011
2562,KEN:Nairobi,-1.3000399469999024,36.827986352871406
2563,BRA:Maranhão,-5.655954034999951,-45.27819124057096
2564,UKR:Chernivtsi,48.20103645300006,25.77309576070536
2565,DZA:Jijel,36.7298921575001,5.9609510585724514
2566,LAO:Bokeo,20.30733013100016,100.7384262791503
2567,SDN:Al Jazirah,14.515919685500108,33.3101652947762
2568,SDN:South Darfur,10.90337991750016,24.491944220109723
2569,PHL:Zamboanga del Sur,7.798470021000043,123.25718245564468
2570,PHL:Zamboanga del Norte,7.937010050500135,122.47341211536649
2571,RUS:Omsk,56.01184845050014,73.1948829927301
2572,DZA:El Bayadh,32.56990051200012,1.126908064492452
2573,VNM:Cần Thơ,10.126362800500004,105.5127133555206
2574,NGA:Lagos,6.539820432500108,3.699220872385962
2575,VNM:Đồng Nai,11.080669402500092,107.18742303339758
2576,TCD:Chari-Baguirmi,11.12237739700015,16.37051934695484
2577,TCD:Tandjilé,9.647614478999998,16.652362248729403
2578,THA:Nakhon Phanom,17.404781457000126,104.6019006446098
2579,VNM:Thái Nguyên,21.68561267850009,105.8566221514068
2580,GTM:Chiquimula,14.686844825500144,-89.39554482111487
2581,GTM:Santa Rosa,14.162094593500086,-90.32050162010484
2582,IND:NCT of Delhi,28.645655632000057,77.11900427369872
2583,GHA:Savannah,9.047971153000104,-1.4940308208882762
2584,AFG:Paktika,32.500627517000055,68.65709043078576
2585,SEN:Diourbel,14.771983623500034,-16.01753517813571
2586,MYS:Pulau Pinang,5.357679605000016,100.4562000197393
2587,NGA:Akwa Ibom,4.998494387500045,7.778541979769617
2588,PAN:Coclé,8.575720310000065,-80.4316463000785
2589,PAN:Chiriquí,8.459165095500055,-82.51595157411185
2590,VNM:Đắk Nông,12.280684813000107,107.7439698806564
2591,GTM:Sololá,14.702148914000077,-91.2820266141138
2592,KEN:Kwale,-4.120147705499932,39.03635554376641
2593,SOM:Hiiraan,4.320000411000137,45.493015573062536
2594,SOM:Bari,10.158611500000148,49.97252372775243
2595,RUS:Ul'yanovsk,53.7361183165001,47.41220988785777
2596,LKA:Ampara,7.125627994500007,81.67369084943897
2597,GBR:BMU.5_1,,
2598,MNG:Ulaanbaatar,47.949385996000046,106.96780667059596
2599,LAO:Saravan,15.91897583050013,106.35270069744672
2600,VEN:Carabobo,10.212349892500129,-67.95949900776168
2601,GHA:Greater Accra,5.790315014000015,0.2475730725634929
2602,GHA:Upper East,10.724754438000131,-0.8195425625056226
2603,VNM:An Giang,10.572286129000076,105.1424318454694
2604,KEN:Embu,-0.5309868154999151,37.665163614884655
2605,IRQ:Diyala,34.05157661450005,44.88646634140427
2606,URY:Maldonado,-34.45150355099992,-54.78074365596183
2607,URY:Soriano,-33.478428349999945,-57.85395806976476
2608,MNG:Arhangay,48.01612091150014,100.51948429310224
2609,SDN:West Kurdufan,11.722354889000089,28.212920971000283
2610,MNG:Dzavhan,48.31333541850009,96.28505090756327
2611,GHA:Bono East,7.973196230500065,-1.105875073070471
2612,MDA:Ungheni,47.24395179850009,27.906574652623256
2613,BRA:Amapá,1.6190848985000912,-52.018557297014695
2614,UKR:Cherkasy,49.33700752250007,31.636040366566306
2615,EGY:Al Minya,28.206683999000035,30.91517544053133
2616,MYS:Negeri Sembilan,2.774700523000149,102.21883446709606
2617,MYS:Perlis,6.490691000000112,100.26422971019711
2618,LBR:Sinoe,5.342077494000165,-8.838588263375351
2619,GBR:JEY.1_1,,
2620,AGO:Huambo,-12.604511259999896,15.608793689032256
2621,AGO:Cuando Cubango,-15.80334043499991,19.46677961410334
2622,SDN:Blue Nile,11.019807339500147,34.11342840303582
2623,IND:Mizoram,23.23242664350002,92.8703354513651
2624,MOZ:Cabo Delgado,-12.314026999999925,39.35528380250017
2625,LBR:Grand Kru,4.787223100000091,-8.275412474465897
2626,TZA:Kagera,-2.174295782999877,31.349251992899298
2627,HND:El Paraíso,13.954579354000144,-86.56444090772388
2628,HND:Atlántida,15.668890477000076,-87.06160610647714
2629,BDI:Bururi,-3.871950507499976,29.574106085794327
2630,AGO:Luanda,-8.987311471499936,13.292270405065551
2631,DOM:Duarte,19.27722263300004,-70.18602905280787
2632,BRA:Alagoas,-9.656847616999954,-36.68379206352346
2633,SEN:Kédougou,12.884213448500104,-12.284916912730022
2634,SEN:Kaolack,14.047887325500028,-16.0151344673534
2635,KEN:Nyandarua,-0.3851853904999416,36.49748758134551
2636,URY:Treinta y Tres,-33.0794056499999,-54.29371769286436
2637,MEX:México,19.32633309750011,-99.82227458952713
2638,KHM:Rôtânôkiri,13.931115485000134,107.03914987709908
2639,UKR:Ivano-Frankivs'k,48.63760757500006,24.67704441292339
2640,UKR:Kirovohrad,48.48394012450015,31.834649858936928
2641,BWA:North-East,-21.01749896999993,27.51704011739445
2642,CPV:São Lourenço dos Órgãos,15.070046901500035,-23.594814860184
2643,CPV:Ribeira Grande de Santiago,14.981295691500094,-23.65774576710336
2644,UZB:Xorazm,41.58550834650006,60.51987807105509
2645,UZB:Toshkent,41.24084472700005,69.88670870964268
2646,YEM:Al Bayda',14.32619810150004,45.21591001732781
2647,YEM:Amran,16.108512878500107,43.94701754034019
2648,MDA:Teleneşti,47.584751129000125,28.53396321100256
2649,BWA:Central,-21.47374916049992,25.882485801200296
2650,VNM:Điện Biên,21.71962538300008,103.2837203376949
2651,JAM:Hanover,18.385834000000106,-78.13070405005209
2652,JAM:Clarendon,17.95849912200009,-77.26710794266731
2653,TZA:Dodoma,-5.847042082499968,35.959741457119364
2654,BFA:Centre,12.368939877000145,-1.5435075524854271
2655,BFA:Sahel,14.021348953000144,-0.7689365435727359
2656,KAZ:Qaraghandy,48.628587723000095,70.93035816351892
2657,KAZ:East Kazakhstan,48.6041297915001,81.98526225207883
2658,THA:Chumphon,10.316940784500131,99.03569175210734
2659,GBR:IMN.17_2,,
2660,RUS:Novosibirsk,55.26751327550005,80.04472391434894
2661,HND:Santa Bárbara,15.085751057500003,-88.3629079486762
2662,HND:Olancho,14.8133964540001,-85.95992530288484
2663,VNM:Kon Tum,14.669951221500073,108.028892445615
2664,DOM:Peravia,18.3499212265001,-70.35851844955789
2665,TUN:Sfax,34.728334500000074,10.325165783271206
2666,BRA:Minas Gerais,-18.57805280799994,-45.18576713252064
2667,JPN:Tottori,35.3346691130001,134.26129019836452
2668,KEN:Uasin Gishu,0.4822124400000973,35.30379423759212
2669,HND:Gracias a Dios,15.296952500000003,-84.40483910198076
2670,UGA:Moroto,2.496981501000107,34.43123980954615
2671,UZB:Buxoro,40.23199274350017,63.643793811628
2672,IDN:Papua,-5.288808999999901,139.3514093658374
2673,DZA:Blida,36.50421115350005,2.9557779481276203
2674,CPV:São Filipe,14.921388625500043,-24.4434662879
2675,URY:Rivera,-31.47160489999993,-55.19307128773997
2676,URY:Río Negro,-32.88651154999991,-57.47523189734528
2677,SAU:Al Madinah,25.00816490000008,39.96670201426625
2678,UGA:Kiboga,0.9874859755001067,31.751535684407912
2679,COL:Huila,2.672305108000103,-75.41750206755577
2680,PER:Callao,-12.085693999999933,-77.22333149999994
2681,MEX:Tamaulipas,24.94357284300014,-98.40240527875189
2682,PHL:Bulacan,14.97685003300009,121.12181048552912
2683,IDN:Jawa Tengah,-7.307232379999931,109.85052163345084
2684,MDA:Şoldăneşti,47.85331916750016,28.81579107848836
2685,SAU:'Asir,19.08462712150009,42.97173690126861
2686,SAU:Najran,18.20133510000008,46.013521474946565
2687,ECU:Pichincha,-0.1751757189999523,-78.49460874355248
2688,MNG:Ömnögovi,43.405426025500105,103.7006167098642
2689,JPN:Wakayama,33.90809450000009,135.3459964288669
2690,LBR:Grand Gedeh,6.012998104000104,-8.313009590701393
2691,CHL:Aysén del General Ibañez del Cam,-46.424921499999954,-72.4789182405894
2692,CHL:Ñuble,-36.60154177649994,-71.92380829489633
2693,ECU:Galápagos,-0.6284399999998982,-90.36458977350075
2694,MDA:Cahul,45.7903794905001,28.328727501845187
2695,AFG:Kapisa,34.909368992500134,69.74373276027936
2696,BDI:Rutana,-3.86533403349992,30.09380171339756
2697,PAN:Panamá,8.935321114000118,-78.52674856643495
2698,VNM:Đà Nẵng,16.06755161250004,108.0341831381749
2699,GBR:TCA.6_1,,
2700,DZA:Tissemsilt,35.78539519900011,1.834999928865113
2701,BTN:Tsirang,27.0050220495001,90.1558699979445
2702,MNG:Uvs,49.65709877000009,92.9063674242197
2703,MNG:Orhon,49.01885414150004,104.28553037896252
2704,CPV:Ribeira Brava,16.580554962500088,-24.085556030999925
2705,SEN:Dakar,14.741798500000016,-17.320856077301002
2706,IND:Manipur,24.771171570500144,93.86874892103368
2707,KHM:Kâmpóng Chhnang,12.170941642500082,104.5407583663618
2708,KHM:Siemréab,13.357022631000037,104.00860933967306
2709,LAO:Vientiane [prefecture],18.11793518100015,102.65413084566195
2710,GTM:Totonicapán,15.032989501500056,-91.40712393663324
2711,PAN:Bocas del Toro,9.222257500000069,-82.64901736766875
2712,PAN:Ngöbe Buglé,8.722198277500098,-81.68435454540604
2713,KOR:Gyeongsangbuk-do,36.35732059900005,128.64022605503405
2714,URY:Montevideo,-34.8200254999999,-56.23482139094529
2715,UGA:Moyo,3.489934563500128,31.587683595663595
2716,BFA:Centre-Est,11.73369979900005,-0.2896620193432327
2717,ARG:Corrientes,-29.00080490049996,-57.80222896885007
2718,ARG:San Juan,-30.50467136049994,-68.81197671496034
2719,ARG:Ciudad de Buenos Aires,-34.6211109164999,-58.43426927878154
2720,VEN:Falcón,11.249168000000113,-69.51139099999997
2721,SAU:Ar Riyad,23.45483010050012,45.209887216493
2722,LBY:Al Jabal al Akhdar,32.03273866850003,21.87904036941748
2723,PNG:East New Britain,-5.103610999999916,151.62052183830858
2724,TUN:Gafsa,34.43035888700004,8.852560749027713
2725,KHM:Kâmpôt,10.788443793000056,104.32882428540717
2726,JAM:Manchester,18.060159148500134,-77.50866819936083
2727,JAM:Westmoreland,18.20805549650009,-77.97648840639823
2728,BTN:Zhemgang,27.082098007500008,90.84191262013638
2729,EGY:Janub Sina',28.83319500000013,33.90138810350007
2730,AFG:Khost,33.37787914250015,69.91847837823636
2731,BFA:Centre-Ouest,11.92277002400013,-2.4133429467949417
2732,IDN:Sumatera Barat,-0.7861002684998937,100.87679363463872
2733,HND:Cortés,15.352688789500093,-87.99443343023357
2734,LAO:Vientiane,18.60984802300007,102.2341550482277
2735,GHA:Bono,7.81962660700006,-2.369488335542985
2736,HND:Comayagua,14.541379928500106,-87.69114461556092
2737,DOM:Azua,18.621397019000057,-70.89117490773648
2738,SLV:La Libertad,13.740096569999992,-89.36233393652705
2739,KAZ:Aqmola,51.85459899850008,69.9018175520549
2740,KEN:Kisumu,-0.1900966094999034,34.77736616753482
2741,MRT:Adrar,21.419714000000027,-9.45857693686922
2742,PRY:Central,-25.549858092999926,-57.445663275877
2743,TZA:Singida,-5.670856237499919,34.69706037654983
2744,CPV:Praia,14.94625043900004,-23.521418554161656
2745,EGY:Al Qalyubiyah,30.35994720400018,31.208082381023125
2746,HND:Francisco Morazán,14.333905697500144,-87.13117450764719
2747,COL:San Andrés y Providencia,13.353056000000096,-81.37527850049995
2748,VEN:Trujillo,9.517499924000075,-70.57039291056005
2749,IDN:Maluku,-3.4589620829999035,126.65574460033854
2750,DOM:Pedernales,17.948205872000102,-71.5189098266835
2751,LBY:An Nuqat al Khams,32.69939613350007,12.006174961567163
2752,COD:Sud-Ubangi,3.3411656615000425,19.446979163473834
2753,VEN:Portuguesa,8.99865531950013,-69.37760254087362
2754,GEO:Abkhazia,42.995611190500114,41.49942184568934
2755,GEO:Shida Kartli,42.170404434500114,43.945958171007376
2756,JAM:Trelawny,18.34068484500014,-77.60671519039926
2757,GBR:GGY.9_1,,
2758,IDN:Kepulauan Riau,3.929964292000108,108.18988176295088
2759,KAZ:Almaty,44.76734924300007,77.39926725295493
2760,MMR:Naypyitaw,19.709204674000148,96.09476789631924
2761,MWI:Nkhotakota,-12.833788871499934,34.17818264314503
2762,MNG:Govi-Altay,45.26757812550011,95.7870300022236
2763,NGA:Delta,5.773055000000113,6.342169614123403
2764,NGA:Bauchi,11.00384139950009,9.305299706087885
2765,IND:Karnataka,15.014370441500148,75.53215163621991
2766,PNG:Milne Bay,-10.146388999999914,149.95975686174717
2767,PNG:Manus,-2.1034719999999254,146.93249500000007
2768,VEN:Nueva Esparta,11.020555496500036,-63.90750134299998
2769,SOM:Shabeellaha Dhexe,3.019999981500064,45.875556265452914
2770,EGY:Matrouh,29.661524500000127,27.397516112411303
2771,EGY:Al Fayyum,29.31742750450013,30.58474473963565
2772,SDN:Al Qadarif,14.224151611500131,35.257668406210314
2773,UGA:Lira,2.047433972500073,33.092565656534816
2774,JAM:Saint Andrew,18.05438940900009,-76.76227938832938
2775,SOM:Woqooyi Galbeed,9.819999696000169,44.11970953650624
2776,MOZ:Sofala,-19.04972249999992,34.891982661469854
2777,MOZ:Tete,-15.8780794139999,32.33872700127125
2778,GBR:GGY.8_1,,
2779,GBR:BMU.2_1,,
2780,EGY:Shamal Sina',30.42003631550017,33.69947952334151
2781,EGY:Kafr ash Shaykh,31.299375491500115,30.898993465704184
2782,URY:Cerro Largo,-32.340162799499865,-54.26894360237573
2783,JAM:Saint Mary,18.278611184000084,-76.9032080102627
2784,TCD:Borkou,18.542136192500152,18.325301562032127
2785,ECU:Chimborazo,-2.0285676719999515,-78.74016964816246
2786,KOR:Jeollanam-do,34.89024943500013,127.0007167677094
2787,AGO:Bié,-12.442102909999877,17.417242168452304
2788,GEO:Kakheti,41.79831240200005,45.709442708362815
2789,NGA:Ebonyi,6.249006033500109,8.048452241527684
2790,MEX:Baja California,30.359351775000107,-115.2441310966962
2791,DOM:Salcedo,19.3907842645001,-70.37518595293709
2792,KOR:Chungcheongnam-do,36.52157800400013,126.87093286325
2793,PHL:Nueva Ecija,15.646729947000068,120.99586333223505
2794,LKA:Gampaha,7.118808508500138,80.03817926993331
2795,TUN:Monastir,35.63194450000012,10.814984892826486
2796,SDN:Kassala,16.03690433550014,35.52627350316813
2797,SDN:South Kurdufan,11.226405144000095,30.91644435313444
2798,KAZ:Zhambyl,44.1383628855001,72.59591297192534
2799,EGY:Al Iskandariyah,30.810844213500104,29.69354264321873
2800,YEM:Raymah,14.65857553550012,43.68775885714898
2801,DZA:M'Sila,35.12740469050004,4.205308187429579
2802,UKR:Dnipropetrovs'k,48.29689598100015,35.18633134995477
2803,ECU:Orellana,-0.7973666479999224,-76.22138787740172
2804,KOR:Gyeonggi-do,37.58779027850011,127.40846729854218
2805,KEN:Lamu,-2.062221999999963,40.55590233354029
2806,AFG:Nimroz,30.808175052500047,62.45327756395641
2807,THA:Nonthaburi,13.96322050000012,100.38412672474033
2808,KEN:Meru,0.229003906500111,37.776180585681246
2809,IRQ:Al-Muthannia,30.40701007800004,45.33881531564927
2810,IRQ:Maysan,31.993877411000057,47.12088568446781
2811,KOR:Daejeon,36.34198005950012,127.38818555820484
2812,CHL:Araucanía,-38.60949552549988,-72.16460027937379
2813,CHL:Los Ríos,-39.98448019249994,-72.66834843589635
2814,MWI:Neno,-15.510353088499954,34.68246740271872
2815,IRQ:An-Najaf,31.070249557000096,43.78264380935228
2816,MWI:Chiradzulu,-15.763205050499948,35.2075202134595
2817,UKR:Khmel'nyts'kyy,49.52089309700011,26.942380919471656
2818,LBY:Wadi al Hayat,26.35802250000006,12.781228905531108
2819,LBY:Nalut,30.414067268500105,10.763288839642383
2820,MOZ:Maputo,-25.53583335849993,32.441839570024975
2821,MOZ:Gaza,-23.34691429099996,32.712433748812
2822,COL:Cauca,2.1437745005000863,-76.86565907651423
2823,UGA:Kasese,0.1386244965000003,30.007814818387253
2824,TUN:Sousse,35.918054581500115,10.391507997605755
2825,PER:Cusco,-13.335417746999925,-71.85494494645235
2826,KOR:Gangwon-do,37.81970951450012,128.21165396280648
2827,UZB:Surxondaryo,38.10296440250008,67.54674048315232
2828,UZB:Qashqadaryo,38.76594162000015,66.11082634557715
2829,JAM:Kingston,17.968332500000145,-76.77902999999992
2830,MOZ:Nassa,-13.36187457999992,36.31238647062629
2831,MOZ:Manica,-18.987222593999974,33.37233047483236
2832,UGA:Arua,3.1450575590000938,31.165895932706565
2833,JAM:Saint James,18.36996650000012,-77.85436522271768
2834,AGO:Cunene,-16.29278755249996,15.60117152519943
2835,AGO:Cuanza Norte,-8.857980250499878,14.972421561632387
2836,MNG:Dornod,48.25494045150015,114.15032906908532
2837,IDN:Bengkulu,-3.6020361184999388,102.47267182366602
2838,DOM:La Romana,18.53081035550008,-68.9611991553734
2839,RUS:Smolensk,54.72686767600007,32.92751207857624
2840,KHM:Pouthisat,12.459376044000123,103.72617802565615
2841,LAO:Louangphrabang,20.10024356950015,102.66176920919824
2842,LAO:Bolikhamxai,18.48888969450016,103.97169344293629
2843,IRQ:Baghdad,33.34523773250007,44.4054353961951
2844,SDN:White Nile,13.555150032000086,32.46878746231704
2845,CPV:São Domingos,15.0329170225001,-23.5327305591735
2846,BTN:Gasa,27.985596657500054,89.86149641310627
2847,PER:Ancash,-9.419721999999922,-77.67394520449332
2848,MAR:Grand Casablanca,33.526945113500034,-7.613201807504032
2849,IND:West Bengal,24.415998459500173,88.05001564699867
2850,JAM:Portland,18.12694450000015,-76.53915119619626
2851,IND:Andhra Pradesh,15.884445500000112,79.61462912663643
2852,UGA:Kumi,1.423481464000048,33.96741676265738
2853,LKA:Jaffna,9.653056000000134,80.2283003839284
2854,TZA:Shinyanga,-3.76222252799991,33.23203693283504
2855,ARG:La Rioja,-29.858521460999924,-66.80924472958486
2856,LBY:Tripoli,32.63043786300014,13.406366762793226
2857,URY:Rocha,-33.97291549999997,-54.00666854046425
2858,TUN:Kebili,33.36858940050013,8.705354274368652
2859,YEM:Al Dali',13.894264221500094,44.78249708956744
2860,YEM:Abyan,13.632082939500094,46.22905594847839
2861,IRQ:At-Ta'mim,35.281223297500105,44.01334174121586
2862,IRQ:Dhi-Qar,31.26829338100012,46.25480631540147
2863,KAZ:Mangghystau,43.865045476000006,53.50291124972878
2864,KAZ:Atyrau,47.45435583250008,51.69740827027302
2865,UKR:Kharkiv,49.49019432050014,36.68561769651626
2866,MRT:Hodh el Gharbi,16.53844165850012,-9.7407885216613
2867,MRT:Nouakchott,18.138750076500173,-15.904719762845868
2868,IRQ:Dihok,37.03913688700016,43.15206887607146
2869,YEM:Amanat Al Asimah,15.451717854000153,44.18840069430512
2870,YEM:Al Hudaydah,14.777500153500142,43.21648621470102
2871,GTM:Huehuetenango,15.603114778500128,-91.64272343342554
2872,COL:Arauca,6.570357800000124,-70.9612888647307
2873,SLV:Sonsonate,13.712098598000068,-89.64652514001222
2874,MWI:Mchinji,-13.778292178499925,33.02300810578009
2875,GEO:Racha-Lechkhumi-Kvemo Svaneti,42.6374111180001,43.133585698760285
2876,CIV:Montagnes,6.89718985550013,-7.6866375180264
2877,CIV:Vallée du Bandama,8.329993249000097,-4.695366794264765
2878,SDN:East Darfur,11.265409946500055,26.43845066539582
2879,KEN:Machakos,-1.27610570199991,37.39462722504327
2880,MNG:Övörhangay,45.732841491500125,102.53273533482678
2881,UKR:Vinnytsya,48.97852325550011,28.54893238980472
2882,GEO:Mtskheta-Mtianeti,42.21808433600003,44.7254154346429
2883,HND:Valle,13.593597687500107,-87.59688680527375
2884,YEM:Al Mahwit,15.309490682000131,43.49969110479144
2885,YEM:Ma'rib,15.334169387500085,45.45171102934795
2886,TZA:Manyara,-4.701594352999933,37.144523636087285
2887,MAR:Laâyoune - Boujdour - Sakia El H,27.946944237500105,-12.27137679924262
2888,MAR:Taza - Al Hoceima - Taounate,34.418077469500105,-4.293998840057489
2889,MWI:Thyolo,-16.129638670999952,35.14223397815914
2890,GTM:Retalhuleu,14.42055654550012,-91.83122790932784
2891,LKA:Colombo,6.847285986500111,80.02872112000165
2892,MNG:Govisümber,46.44541168200007,108.55203334229309
2893,VNM:Bình Thuận,11.062152862500028,107.95079450122438
2894,GHA:Upper West,10.33500296350016,-2.214182704797672
2895,KAZ:Pavlodar,52.22946739250014,76.46950253453734
2896,KOR:Seoul,37.5648968620001,126.93914212474098
2897,KOR:Jeju,33.38015833050008,126.548361939868
2898,MYS:Kuala Lumpur,3.131204724000071,101.67076949751424
2899,MNG:Bayanhongor,45.130332947000056,99.74291527294692
2900,TZA:Lindi,-9.336388671499948,38.47758226735185
2901,TCD:Kanem,14.999228001000091,15.04000310313907
2902,SEN:Saint-Louis,16.031234741000134,-14.51813306521783
2903,MAR:Rabat - Salé - Zemmour - Zaer,33.66394805950017,-6.381107538537904
2904,MAR:Oriental,33.573783582500084,-2.4180882924772256
2905,KOR:Jeollabuk-do,35.727920353500025,127.13442757032765
2906,DZA:Tindouf,27.582988739000115,-6.26142596956872
2907,LBY:Surt,29.96815978900011,16.91599962489005
2908,BRA:Mato Grosso do Sul,-20.61678369549992,-54.78642210943464
2909,KOR:Incheon,37.47782069100009,126.47058973505392
2910,VEN:Cojedes,9.29055690750002,-68.27842164768299
2911,PHL:Misamis Oriental,8.663700103500076,124.99106590186103
2912,GHA:Ashanti,6.739858511000108,-1.6281539874585071
2913,TCD:Logone Oriental,8.297169208500122,16.459759078324943
2914,ECU:Cañar,-2.5265657539999324,-78.99465786093299
2915,TZA:Katavi,-6.456698656999947,31.510763675650203
2916,PAN:Emberá,8.427538858000048,-77.5838641152443
2917,PAN:Darién,8.15557558150013,-77.92743319909141
2918,LKA:Mannar,8.879518112500108,80.16424834791286
2919,GHA:North East,10.322015659500096,-0.8556679167214136
2920,TZA:Ruvuma,-10.496026515499947,36.181071061081056
2921,MMR:Shan,21.72277641350007,98.37981356392226
2922,SOM:Jubbada Hoose,-0.1636109939999528,41.863518254423056
2923,AFG:Zabul,32.31257820150012,66.93667430491415
2924,AFG:Paktya,33.69533729550014,69.52224537327425
2925,DOM:El Seybo,18.78976154350008,-69.02184480333324
2926,TZA:Mwanza,-2.443455573499904,32.74128269474714
2927,CHL:Tarapacá,-20.28351169049984,-69.4038442591885
2928,YEM:Al Mahrah,17.057776451500104,51.82375835951338
2929,SOM:Awdal,10.559860706500132,43.40947183311371
2930,SDN:North Kurdufan,14.4169301995,29.46836903748041
2931,URY:Salto,-31.306342099499943,-57.06294512936426
2932,SDN:Red Sea,20.090416500000146,35.41077713357352
2933,SEN:Louga,15.397622585500017,-15.697940535861656
2934,SEN:Thiès,14.754634380500136,-16.86234124708736
2935,GHA:Western North,6.1755012965001015,-2.6559428857939573
2936,AFG:Badakhshan,36.96850995450012,73.32803240335532
2937,MYS:Trengganu,4.867157887000019,103.0057175212254
2938,NIC:Río San Juan,11.282534199500104,-84.59772319812245
2939,KHM:Preah Vihéar,13.74629816950008,104.97403004193072
2940,UKR:L'viv,49.69259656300005,23.891320018678208
2941,URY:Canelones,-34.54330849999988,-55.97411151124896
2942,AFG:Baghlan,35.72796440150012,69.0223075627501
2943,AFG:Takhar,36.70104980500014,69.61569694242735
2944,CPV:Porto Novo,17.018888473500112,-25.18833255699991
2945,TUN:Tataouine,31.757237435000093,9.854532220119268
2946,VEN:Monagas,9.316578865500134,-63.17069275386814
2947,COD:Lualaba,-9.688651562499956,23.024869639309905
2948,IDN:Sumatera Selatan,-3.292867028499927,104.40533667011546
2949,ARG:Santa Cruz,-49.197221755499896,-70.39324043820714
2950,DOM:Barahona,18.181944847000125,-71.24368355010684
2951,COD:Nord-Ubangi,3.981469035500112,21.354982014688588
2952,JAM:Saint Ann,18.331693043000087,-77.25067348623753
2953,TCD:Hadjer-Lamis,12.432834149000058,16.08659103540092
2954,UZB:Sirdaryo,40.57999229400005,68.8866956688525
2955,UGA:Mpigi,0.1410650020000901,31.906838056104608
2956,BEN:Donga,9.264333937500057,1.7129983135392557
2957,IND:Telangana,17.872019769000133,79.29885291773358
2958,MAR:Fès - Boulemane,33.47873115550004,-4.083819427348764
2959,MAR:Tadla - Azilal,32.058080673500115,-6.461349011841263
2960,EGY:Bani Suwayf,28.8660506680001,30.82368496558436
2961,LBR:River Gee,5.2200980190000905,-7.887168777636445
2962,NZL:COK.1_1,,
2963,ECU:Zamora Chinchipe,-4.178964137999884,-78.847872429586
2964,KHM:Kâmpóng Cham,12.117485704000018,105.20800223886688
2965,HND:Intibucá,14.248499869500051,-88.20978334470941
2966,EGY:Suhaj,26.73932203500013,32.05741030744078
2967,CHL:Maule,-35.61406915349991,-71.51249565707207
2968,EGY:Al Jizah,29.04219053000014,29.46582322733828
2969,ARG:Catamarca,-27.638323371999945,-67.4895756597486
2970,PRY:Caazapá,-26.15594959199996,-55.953984952476205
2971,PRY:Paraguarí,-25.99809932649987,-57.09886360661278
2972,JAM:Saint Thomas,17.970010500000086,-76.44251300821593
2973,CIV:Lagunes,5.8734536165001145,-4.219080784667751
2974,BDI:Bujumbura Rural,-3.4896564469999305,29.40713506913164
2975,BDI:Bubanza,-3.117196492499943,29.398444001523025
2976,AGO:Lunda Sul,-9.896843425999949,20.95463494690737
2977,JAM:Saint Elizabeth,18.05222100000009,-77.77693931620627
2978,DZA:Médéa,35.97426420900004,3.013492867966619
2979,UZB:Navoiy,41.596817016500125,64.3237531346669
2980,GEO:Samegrelo-Zemo Svaneti,42.67403411800012,42.25377571631027
2981,SDN:West Darfur,13.49813508950004,22.73862866363777
2982,SDN:River Nile,18.97739028950008,33.06083612520827
2983,NZL:Canterbury,-43.74160799999996,171.54577428267652
2984,AFG:Uruzgan,32.801496505500154,65.98229794619388
2985,BTN:Thimphu,27.57269668650008,89.58291878494299
2986,AGO:Moxico,-13.382907390499923,19.97245933200808
2987,MYS:Pahang,3.6173600000000192,102.5953248856048
2988,MYS:Putrajaya,2.894106746000148,101.6879279486772
2989,SLV:San Miguel,13.529098034000128,-88.19847429626813
2990,EGY:Al Minufiyah,30.472895622000067,30.97444071313225
2991,MYS:Johor,2.04687050000004,103.30113803961127
2992,BWA:Ghanzi,-22.15611457749989,22.40000128886439
2993,BWA:North-West,-19.50430488549995,22.994134485269324
2994,UKR:Sumy,51.22935295150009,33.866926176458065
2995,MRT:Trarza,17.530973434500083,-15.044593117347905
2996,SEN:Ziguinchor,12.756422997000044,-16.400736995479
2997,JPN:Kagoshima,31.589212500000087,130.99441816560432
2998,UGA:Wakiso,0.2895799680001687,32.478417430257835
2999,BRA:Amazonas,-3.81156930949993,-63.44048706183016
3000,MRT:Hodh ech Chargui,19.32197570850008,-7.04679894950081
3001,CHL:Arica y Parinacota,-18.36374226949991,-69.70735429611209
3002,CAN:New Brunswick,46.55124500000008,-66.41196978040315
3003,CAN:Manitoba,54.50462557250009,-97.216415780263
3004,ARG:Santa Fe,-31.19031429249989,-60.9963778495725
3005,EGY:Asyut,27.28997591250016,31.61105651463533
3006,GTM:Quiché,15.449047089000146,-90.97695474128498
3007,CHL:Valparaíso,-32.98842710049993,-70.29581449597694
3008,MYS:Melaka,2.2969440000000247,102.2935094915839
3009,MYS:Sarawak,2.927875996000097,113.66895608564604
3010,MEX:Nuevo León,25.47899953350006,-99.50250154080965
3011,MAR:Meknès - Tafilalet,32.136106491000106,-4.520429131551281
3012,CAN:Nova Scotia,44.72700700000007,-64.60296066148938
3013,BEN:Kouffo,7.104041500000022,1.7563873917736383
3014,BEN:Borgou,9.707464899000117,2.7588179414440086
3015,PER:San Martín,-7.091431141499953,-76.86538361824506
3016,DOM:Puerto Plata,19.71986103000009,-70.71831731176792
3017,JOR:Aqaba,30.060958862500144,35.23288194958643
3018,JOR:Zarqa,31.833541870500056,36.860689651395454
3019,SAU:Ash-Sharqīyah,24.07516009950004,49.89389979953326
3020,SAU:Jizan,17.222550500000068,42.774198857145024
3021,GHA:Northern,9.27860462150008,0.0024200819308644
3022,BEN:Mono,6.504810498744066,1.838180965094476
3023,ARG:Chaco,-26.049246787999948,-60.691850210178046
3024,UZB:Samarqand',39.86772346600006,66.29780398834419
3025,LBY:Al Wahat,29.106515005000148,20.902789178851656
3026,MDA:Briceni,48.28067398150012,27.038452277762133
3027,KOR:Daegu,35.811062163000145,128.59566887201322
3028,BTN:Haa,27.322811127000136,89.19093674553005
3029,BTN:Bumthang,27.707883835000104,90.76914732317542
3030,SOM:Mudug,6.026805878500113,48.22424270681308
3031,BEN:Plateau,7.11364846850006,2.6479615338638616
3032,BFA:Boucle du Mouhoun,12.479899883000089,-3.592256571978948
3033,LKA:Batticaloa,7.833334000000093,81.38515774487601
3034,ECU:Santo Domingo de los Tsachilas,-0.336957036499939,-79.17477080292542
3035,PER:La Libertad,-7.947777986499943,-78.33708807664831
3036,BDI:Kayanza,-3.008152484499845,29.662220382289213
3037,SEN:Matam,15.27502346100016,-13.679298408055844
3038,KHM:Kâmpóng Thum,12.81919760600016,104.95848718641945
3039,KOR:Sejong,36.57052503000003,127.269826456567
3040,UKR:Rivne,50.984920502500046,26.648444348664874
3041,MAR:Marrakech - Tensift - Al Haouz,31.812500000500137,-7.711572054798484
3042,LAO:Xékong,15.618737698000077,107.0135480581509
3043,BTN:Trongsa,27.46335506450012,90.4299833989696
3044,PNG:Morobe,-6.932332499999944,146.46414908120477
3045,HND:La Paz,14.118946076500066,-87.96026879495622
3046,JOR:Ma`an,30.22270107300008,36.50893828271892
3047,BDI:Karuzi,-3.148995041499916,30.07914003083129
3048,SLV:San Salvador,13.762850284500104,-89.15696483255519
3049,SLV:Chalatenango,14.162569523000144,-89.11127020812279
3050,COL:Santander,6.9278168680001215,-73.26853967666233
3051,BFA:Cascades,10.308460235000156,-4.482813379123977
3052,BFA:Centre-Sud,11.583925247500076,-1.0547406196197804
3053,GEO:Tbilisi,41.71223068300012,44.78405675537153
3054,TUN:Zaghouan,36.3547477725001,10.039560462312188
3055,YEM:Ta`izz,13.293611049500129,43.78490930670084
3056,NIC:Madriz,13.42918252950011,-86.41443282652625
3057,CAN:Ontario,49.26915550300012,-87.16646357921452
3058,TUN:Tozeur,33.97454834050009,8.068592034437104
3059,BWA:Southern,-24.90806007349994,24.88626714695667
3060,SOM:Nugaal,8.272500037500123,49.11420959819932
3061,URY:Lavalleja,-33.97758044999998,-54.98479817336776
3062,MNG:Bulgan,48.83703422650007,103.19901328545669
3063,VEN:Barinas,8.197470665000111,-69.98257355301138
3064,CIV:Gôh-Djiboua,5.901291847000124,-5.643832984524359
3065,BDI:Ruyigi,-3.4581090214999506,30.348732588331323
3066,MAR:Guelmim - Es-Semara,29.041250229000013,-9.104269705778854
3067,BTN:Lhuentse,27.73205280250008,91.13527704185428
3068,GHA:Volta,6.535342116000066,0.4566362320655938
3069,UGA:Bugiri,0.4371195145000968,33.78443539465758
3070,ECU:Sucumbios,0.0032137795001005,-76.68378267688281
3071,BDI:Kirundo,-2.5555162429999143,30.16567766859555
3072,GEO:Guria,41.97518158000005,42.11587537047474
3073,ECU:Imbabura,0.4985978750001152,-78.33061765352686
3074,NIC:Jinotega,13.797248840500115,-85.44830053266554
3075,LKA:Mullaitivu,9.19730520300007,80.52380170850013
3076,BEN:Ouémé,6.66791050000009,2.4980407175282657
3077,LKA:Anuradhapura,8.367789745000096,80.43949460744147
3078,TZA:Morogoro,-7.863017796999884,37.312857171049245
3079,BWA:Kgalagadi,-25.1083002094999,22.33067181144149
3080,PNG:Southern Highlands,-6.361834048999896,143.58606787933363
3081,COD:Sud-Kivu,-3.2964854749999404,28.163427231136843
3082,PRY:Boquerón,-21.968774236999906,-61.24113677160384
3083,MAR:Doukkala - Abda,32.57611084000007,-8.639595571088192
3084,URY:Florida,-33.764697067499924,-55.86406630025836
3085,LAO:Louang Namtha,20.925698280500143,101.06774827269436
3086,KAZ:North Kazakhstan,53.80842590350008,69.83388795942236
3087,CAN:Prince Edward Island,46.50383550000004,-63.61558388869459
3088,COD:Maniema,-2.516483783499922,25.943423703503733
3089,CIV:Zanzan,8.510437489500049,-3.2569498098873035
3090,YEM:Shabwah,14.665800094000105,46.621297479836
3091,AGO:Cabinda,-5.071422732499968,12.258575736342843
3092,MMR:Kayah,19.23939514200012,97.33256697186278
3093,BRA:Piauí,-6.839363933999948,-41.90379084994122
3094,BWA:Kweneng,-23.850416183499902,24.523893694444183
3095,BWA:South-East,-25.018335341499977,25.744275116546863
3096,LAO:Attapu,14.787208558000088,107.09947098908091
3097,LKA:Matara,6.158508540000042,80.5205820897553
3098,CHL:Magallanes y Antártica Chilena,-51.298635999999874,-72.99736901127619
3099,SOM:Sanaag,10.515069485000057,47.531321971269136
3100,PRY:Canindeyú,-24.156077384499923,-55.24140160994638
3101,CIV:Denguélé,9.499664784000087,-7.458602431430817
3102,GTM:Baja Verapaz,15.084022045000095,-90.35074208108276
3103,JOR:Irbid,32.49376678450005,35.87554426731777
3104,MRT:Gorgol,15.99421787250006,-12.690663586998236
3105,MRT:Assaba,16.7065849305001,-11.854500763890936
3106,TCD:Logone Occidental,8.752500057500043,15.924156613633922
3107,LBR:Grand Cape Mount,7.050708524500038,-11.090867539991176
3108,CIV:Savanes,9.635596276000117,-5.595171207061348
3109,HND:Copán,14.884930135000104,-88.9265905429584
3110,SDN:Central Darfur,12.131649971500082,23.347642292238262
3111,JOR:Balqa,31.97816944100012,35.70384258706409
3112,URY:Colonia,-34.120555999999965,-57.6030083541048
3113,PNG:Enga,-5.513033865999944,143.37108481994613
3114,JOR:Amman,31.65501213100012,36.32823843711788
3115,SLV:Ahuachapán,13.863053799500108,-89.92977043058093
3116,PRY:Alto Paraguay,-20.841187477499943,-58.84093142625362
3117,NIC:Boaco,12.410413265500068,-85.55977675170045
3118,MYS:Kelantan,5.398029804500112,102.07655906587632
3119,MRT:Dakhlet Nouadhibou,20.376805000000047,-16.055007166144833
3120,TCD:Lac,13.750973226000127,14.17678347397858
3121,UZB:Jizzax,40.38938331700015,67.42174668352624
3122,PAN:Los Santos,7.615829000000104,-80.3470655431956
3123,SEN:Tambacounda,13.868269443500113,-13.319062705387797
3124,NZL:Marlborough,-41.68832199999997,173.6029017469824
3125,CHL:Bío-Bío,-37.46785882799992,-72.35521253036936
3126,CIV:Yamoussoukro,6.826025009500086,-5.225981369366453
3127,MRT:Guidimaka,15.36553621350015,-12.209481006478224
3128,NIC:Estelí,13.140324115000084,-86.48782275921275
3129,AGO:Uíge,-7.139491795999959,15.410886701272435
3130,YEM:Dhamar,14.542530064999994,44.306161775935394
3131,SLV:San Vicente,13.51473856000004,-88.739058654873
3132,BRA:Roraima,1.8422745470001305,-61.196764714223086
3133,MAR:Chaouia - Ouardigha,33.08962631200004,-7.136321778554504
3134,MAR:Souss - Massa - Draâ,30.533181190500045,-7.449077340319994
3135,BEN:Alibori,11.411652000000116,2.828737325904521
3136,LAO:Oudômxai,20.5082092290001,101.87365888196967
3137,KOR:Ulsan,35.526373884500174,129.21449570619296
3138,LBR:Maryland,4.74463152900006,-7.69883376411553
3139,BFA:Nord,13.45664501200008,-2.249532628363069
3140,MOZ:Zambezia,-16.929168499999946,37.170653550858624
3141,CPV:Paúl,17.12138938850012,-25.02626885569688
3142,BRA:Paraíba,-7.164143116999924,-36.73991986637854
3143,HND:Choluteca,13.373890000000074,-87.05226581756989
3144,LBR:Bomi,6.691845418000099,-10.818621218981754
3145,SLV:La Unión,13.52484703100012,-87.9064889461716
3146,JAM:Saint Catherine,18.04888850000006,-77.02613104479073
3147,JOR:Karak,31.158468247000087,35.81714022584321
